student_id,week_of,sessions_attended,sessions_scheduled,attendance_rate,note
STU0275,09-05-2023,3.0,3.0,0.83,
STU0275,09/19/2023,,2.0,0.51,
STU0275,"September 26, 2023",,2.0,52%,
STU0275,"October 03, 2023",3.0,,0.49,
STU0275,"October 10, 2023",3.0,3.0,,
STU0275,10/17/2023,0.0,2.0,,
STU0275,24 Oct 2023,3.0,2.0,89%,
STU0275,"October 31, 2023",0.0,2.0,93%,
STU0275,11-07-2023,0.0,3.0,95%,
STU0275,"November 14, 2023",1.0,2.0,52%,
STU0275,2023-11-21,2.0,2.0,,excused
STU0275,11-28-2023,0.0,2.0,,
STU0275,"December 05, 2023",,2.0,,
STU0275,2023-12-12,0.0,2.0,0.91,
STU0275,12-19-2023,1.0,3.0,65%,
STU0275,"December 26, 2023",1.0,2.0,0.43,
STU0275,2024-01-02,2.0,,,
STU0275,01/09/2024,0.0,2.0,,excused
STU0275,01-16-2024,1.0,2.0,0.63,
STU0102,09/05/2023,2.0,2.0,,
STU0102,"September 12, 2023",3.0,,0.9,unexcused
STU0102,09-19-2023,1.0,,0.86,excused
STU0102,09/26/2023,3.0,3.0,0.63,
STU0102,2023-10-03,1.0,3.0,51%,
STU0102,10 Oct 2023,3.0,3.0,55%,
STU0102,10-17-2023,0.0,2.0,0.94,sick
STU0102,2023-10-24,1.0,3.0,,
STU0102,10-31-2023,0.0,3.0,62%,
STU0102,11/07/2023,2.0,2.0,,
STU0102,2023-11-14,3.0,2.0,0.81,
STU0102,11/21/2023,0.0,3.0,89%,
STU0102,28 Nov 2023,0.0,2.0,0.77,
STU0102,12 Dec 2023,0.0,2.0,,
STU0102,12-19-2023,2.0,,0.98,
STU0102,2023-12-26,2.0,2.0,0.64,
STU0102,02 Jan 2024,0.0,3.0,67%,
STU0102,09 Jan 2024,2.0,3.0,0.98,
STU0102,2024-01-16,,3.0,86%,
STU0081,05 Sep 2023,3.0,3.0,0.6,
STU0081,12 Sep 2023,2.0,2.0,,
STU0081,09/19/2023,1.0,3.0,,
STU0081,2023-09-26,0.0,2.0,0.99,
STU0081,10-03-2023,3.0,2.0,,family emergency
STU0081,"October 10, 2023",2.0,2.0,76%,
STU0081,10/17/2023,2.0,2.0,83%,
STU0081,10/24/2023,2.0,,85%,
STU0081,31 Oct 2023,3.0,3.0,0.69,
STU0081,07 Nov 2023,3.0,2.0,,
STU0081,11-14-2023,0.0,3.0,,
STU0081,11-21-2023,3.0,2.0,87%,family emergency
STU0081,"November 28, 2023",,2.0,0.47,
STU0081,12-05-2023,1.0,3.0,,
STU0081,"December 12, 2023",3.0,3.0,92%,
STU0081,26 Dec 2023,1.0,2.0,66%,
STU0081,"January 02, 2024",0.0,3.0,0.6,
STU0081,2024-01-09,3.0,2.0,,
STU0081,01/16/2024,2.0,2.0,69%,
STU0300,09/05/2023,3.0,2.0,0.9,
STU0300,"September 26, 2023",3.0,2.0,,
STU0300,"October 03, 2023",0.0,2.0,,
STU0300,10 Oct 2023,3.0,2.0,,excused
STU0300,10-17-2023,1.0,3.0,,
STU0300,10-24-2023,2.0,3.0,,excused
STU0300,10-31-2023,0.0,3.0,,
STU0300,11-07-2023,1.0,2.0,64%,excused
STU0300,11/14/2023,0.0,3.0,,
STU0300,21 Nov 2023,1.0,3.0,,
STU0300,11/28/2023,2.0,2.0,,excused
STU0300,"December 05, 2023",1.0,3.0,46%,
STU0300,"December 12, 2023",0.0,2.0,55%,
STU0300,12/19/2023,1.0,3.0,,
STU0300,2023-12-26,1.0,2.0,,
STU0300,01-02-2024,0.0,2.0,,
STU0300,"January 09, 2024",3.0,2.0,0.67,
STU0300,2024-01-16,2.0,3.0,72%,
STU0203,09/05/2023,2.0,3.0,0.47,sick
STU0203,12 Sep 2023,1.0,3.0,95%,
STU0203,2023-09-19,1.0,3.0,,
STU0203,09-26-2023,1.0,3.0,,
STU0203,03 Oct 2023,2.0,3.0,,sick
STU0203,10-10-2023,3.0,3.0,,
STU0203,17 Oct 2023,,2.0,,family emergency
STU0203,"October 24, 2023",1.0,3.0,0.46,family emergency
STU0203,2023-10-31,3.0,3.0,,
STU0203,11-07-2023,3.0,2.0,44%,
STU0203,11/14/2023,2.0,2.0,,
STU0203,11/21/2023,0.0,3.0,89%,
STU0203,28 Nov 2023,2.0,3.0,,
STU0203,2023-12-05,0.0,,,sick
STU0203,"December 12, 2023",2.0,2.0,0.98,
STU0203,19 Dec 2023,1.0,3.0,,
STU0203,12-26-2023,3.0,3.0,0.64,
STU0203,02 Jan 2024,1.0,2.0,74%,unexcused
STU0203,01-09-2024,1.0,2.0,,excused
STU0203,2024-01-16,2.0,2.0,50%,unexcused
STU0118,09-05-2023,0.0,3.0,41%,
STU0118,09/19/2023,1.0,,,
STU0118,26 Sep 2023,2.0,3.0,,
STU0118,2023-10-03,0.0,3.0,62%,
STU0118,10-10-2023,1.0,2.0,,sick
STU0118,2023-10-17,1.0,2.0,0.48,
STU0118,10-24-2023,2.0,2.0,0.5,
STU0118,2023-10-31,,2.0,98%,excused
STU0118,07 Nov 2023,0.0,2.0,,
STU0118,2023-11-21,3.0,2.0,,
STU0118,12-05-2023,1.0,3.0,46%,
STU0118,12/12/2023,1.0,2.0,,
STU0118,12-19-2023,2.0,3.0,76%,
STU0118,12/26/2023,0.0,3.0,,excused
STU0118,02 Jan 2024,,3.0,,
STU0118,09 Jan 2024,0.0,3.0,56%,family emergency
STU0118,2024-01-16,2.0,,0.62,
STU0149,2023-09-05,0.0,3.0,68%,excused
STU0149,09/12/2023,3.0,2.0,0.81,
STU0149,09/19/2023,0.0,3.0,0.82,
STU0149,"September 26, 2023",1.0,2.0,0.97,
STU0149,03 Oct 2023,3.0,2.0,44%,
STU0149,"October 10, 2023",,3.0,0.69,
STU0149,10/17/2023,1.0,2.0,,
STU0149,10/24/2023,3.0,3.0,,excused
STU0149,10/31/2023,3.0,2.0,0.77,
STU0149,2023-11-07,3.0,,0.68,
STU0149,11-14-2023,1.0,2.0,78%,
STU0149,21 Nov 2023,,2.0,,
STU0149,11-28-2023,,2.0,77%,
STU0149,05 Dec 2023,3.0,,,
STU0149,12/12/2023,2.0,3.0,42%,family emergency
STU0149,"December 19, 2023",0.0,3.0,,
STU0149,2023-12-26,3.0,3.0,0.81,
STU0149,01-02-2024,1.0,3.0,0.85,
STU0149,01/09/2024,2.0,2.0,65%,
STU0149,01-16-2024,3.0,3.0,,
STU0083,"September 05, 2023",2.0,2.0,,
STU0083,09-12-2023,1.0,3.0,,
STU0083,09-19-2023,1.0,2.0,0.49,
STU0083,09/26/2023,3.0,2.0,,
STU0083,"October 03, 2023",1.0,3.0,,sick
STU0083,10-10-2023,2.0,2.0,0.61,
STU0083,10/17/2023,0.0,3.0,,sick
STU0083,"October 24, 2023",1.0,2.0,,
STU0083,2023-10-31,2.0,,86%,
STU0083,07 Nov 2023,1.0,2.0,,
STU0083,14 Nov 2023,1.0,3.0,,
STU0083,"November 21, 2023",0.0,2.0,0.55,
STU0083,2023-11-28,,3.0,64%,
STU0083,2023-12-05,2.0,3.0,51%,
STU0083,2023-12-12,2.0,2.0,0.41,
STU0083,2023-12-19,,3.0,,excused
STU0083,"December 26, 2023",3.0,2.0,0.46,
STU0083,01/02/2024,1.0,,0.42,sick
STU0083,01/09/2024,1.0,3.0,79%,
STU0083,16 Jan 2024,0.0,2.0,55%,
STU0192,12 Sep 2023,0.0,2.0,,
STU0192,09/19/2023,2.0,3.0,80%,
STU0192,"October 03, 2023",3.0,3.0,,
STU0192,2023-10-10,2.0,2.0,,
STU0192,"October 17, 2023",0.0,3.0,,
STU0192,24 Oct 2023,1.0,,,
STU0192,2023-10-31,,2.0,0.95,
STU0192,2023-11-07,1.0,2.0,99%,
STU0192,11/14/2023,2.0,2.0,0.65,
STU0192,2023-11-28,3.0,,,
STU0192,12-05-2023,3.0,3.0,0.74,unexcused
STU0192,12 Dec 2023,1.0,2.0,0.47,
STU0192,2023-12-19,1.0,3.0,0.49,
STU0192,12/26/2023,,2.0,100%,
STU0192,2024-01-02,3.0,3.0,0.54,
STU0192,2024-01-09,1.0,3.0,,
STU0192,"January 16, 2024",1.0,3.0,,
STU0170,"September 12, 2023",0.0,2.0,81%,
STU0170,19 Sep 2023,3.0,2.0,,
STU0170,09/26/2023,1.0,2.0,0.63,
STU0170,2023-10-03,3.0,2.0,80%,
STU0170,10 Oct 2023,3.0,3.0,0.6,
STU0170,"October 17, 2023",1.0,3.0,88%,
STU0170,2023-10-24,3.0,,0.53,
STU0170,2023-10-31,1.0,2.0,0.85,
STU0170,07 Nov 2023,2.0,2.0,,
STU0170,2023-11-14,,2.0,99%,unexcused
STU0170,2023-11-21,2.0,3.0,70%,
STU0170,11/28/2023,1.0,2.0,,
STU0170,12/05/2023,0.0,2.0,0.46,
STU0170,2023-12-12,2.0,2.0,,sick
STU0170,2023-12-19,1.0,3.0,,
STU0170,2023-12-26,2.0,,0.93,
STU0170,"January 02, 2024",0.0,,59%,
STU0170,09 Jan 2024,0.0,2.0,0.99,
STU0170,16 Jan 2024,3.0,3.0,,
STU0212,09-05-2023,2.0,3.0,,
STU0212,2023-09-12,0.0,2.0,0.51,unexcused
STU0212,2023-09-19,0.0,3.0,,
STU0212,2023-09-26,,2.0,,
STU0212,10/03/2023,,2.0,52%,
STU0212,10/10/2023,3.0,2.0,0.7,
STU0212,10/17/2023,0.0,2.0,0.91,
STU0212,24 Oct 2023,2.0,3.0,0.84,
STU0212,2023-10-31,,3.0,,
STU0212,2023-11-07,2.0,3.0,,
STU0212,14 Nov 2023,2.0,3.0,1.0,
STU0212,21 Nov 2023,2.0,3.0,,
STU0212,12-05-2023,3.0,2.0,,
STU0212,2023-12-12,0.0,2.0,71%,
STU0212,"December 19, 2023",3.0,2.0,,sick
STU0212,12/26/2023,1.0,3.0,40%,
STU0212,02 Jan 2024,0.0,3.0,0.62,
STU0212,09 Jan 2024,1.0,3.0,97%,family emergency
STU0212,"January 16, 2024",2.0,2.0,0.87,
STU0111,05 Sep 2023,3.0,3.0,0.46,
STU0111,09-12-2023,0.0,2.0,49%,
STU0111,2023-09-19,2.0,3.0,60%,
STU0111,09/26/2023,0.0,2.0,,
STU0111,2023-10-03,2.0,2.0,,family emergency
STU0111,10 Oct 2023,3.0,3.0,57%,
STU0111,"October 17, 2023",1.0,2.0,75%,sick
STU0111,2023-10-24,3.0,3.0,0.77,
STU0111,"October 31, 2023",0.0,2.0,,unexcused
STU0111,11-07-2023,2.0,3.0,,
STU0111,11/14/2023,0.0,3.0,95%,
STU0111,2023-11-21,1.0,2.0,0.54,
STU0111,28 Nov 2023,0.0,3.0,84%,
STU0111,12 Dec 2023,0.0,2.0,0.62,
STU0111,"December 19, 2023",2.0,3.0,,
STU0111,2023-12-26,2.0,3.0,72%,
STU0111,01/02/2024,1.0,3.0,,
STU0111,01/09/2024,2.0,2.0,51%,
STU0111,16 Jan 2024,1.0,3.0,,excused
STU0284,"September 05, 2023",0.0,3.0,,
STU0284,09/12/2023,3.0,,41%,
STU0284,09/19/2023,0.0,2.0,,
STU0284,"September 26, 2023",2.0,,0.82,
STU0284,03 Oct 2023,3.0,2.0,44%,
STU0284,2023-10-10,2.0,2.0,,
STU0284,17 Oct 2023,1.0,2.0,63%,
STU0284,10-24-2023,1.0,3.0,63%,
STU0284,31 Oct 2023,3.0,,48%,
STU0284,11/07/2023,0.0,2.0,,
STU0284,11/14/2023,,3.0,0.99,
STU0284,11/21/2023,1.0,3.0,93%,
STU0284,11/28/2023,2.0,2.0,,unexcused
STU0284,"December 05, 2023",0.0,2.0,88%,
STU0284,12/12/2023,,3.0,,
STU0284,12-19-2023,,3.0,59%,
STU0284,26 Dec 2023,0.0,,95%,
STU0284,01-02-2024,3.0,,0.69,
STU0284,2024-01-09,3.0,3.0,42%,
STU0284,16 Jan 2024,,2.0,,
STU0128,"September 05, 2023",3.0,2.0,73%,
STU0128,09-12-2023,2.0,2.0,70%,family emergency
STU0128,09/19/2023,,2.0,77%,family emergency
STU0128,2023-09-26,0.0,2.0,0.97,sick
STU0128,"October 03, 2023",2.0,2.0,,
STU0128,10-10-2023,3.0,2.0,0.93,
STU0128,"October 17, 2023",2.0,,,
STU0128,10-24-2023,1.0,,,
STU0128,10-31-2023,1.0,2.0,,
STU0128,"November 07, 2023",0.0,2.0,0.49,
STU0128,14 Nov 2023,2.0,3.0,42%,
STU0128,11-21-2023,3.0,2.0,,
STU0128,11/28/2023,2.0,2.0,,unexcused
STU0128,12-12-2023,3.0,3.0,60%,
STU0128,"December 19, 2023",1.0,2.0,,
STU0128,12-26-2023,2.0,2.0,0.94,sick
STU0128,01-02-2024,3.0,3.0,0.51,
STU0128,01-09-2024,2.0,3.0,,
STU0128,01-16-2024,1.0,3.0,85%,
STU0007,"September 05, 2023",0.0,3.0,0.99,sick
STU0007,"September 12, 2023",2.0,3.0,,
STU0007,09-19-2023,0.0,2.0,0.88,
STU0007,09/26/2023,0.0,3.0,,sick
STU0007,10-03-2023,3.0,2.0,,
STU0007,10-10-2023,1.0,3.0,0.77,
STU0007,17 Oct 2023,,3.0,0.68,
STU0007,10-24-2023,3.0,3.0,0.54,
STU0007,31 Oct 2023,,3.0,,
STU0007,07 Nov 2023,1.0,2.0,0.82,
STU0007,11-14-2023,1.0,2.0,,
STU0007,2023-11-28,3.0,3.0,86%,
STU0007,12-05-2023,2.0,3.0,,
STU0007,2023-12-12,3.0,,,
STU0007,12-19-2023,3.0,2.0,0.57,
STU0007,"January 02, 2024",0.0,2.0,0.68,
STU0007,01-16-2024,1.0,3.0,0.62,
STU0019,09-12-2023,0.0,2.0,0.5,unexcused
STU0019,"September 19, 2023",2.0,3.0,0.47,
STU0019,2023-09-26,2.0,3.0,,
STU0019,"October 03, 2023",2.0,3.0,0.71,
STU0019,10-24-2023,0.0,3.0,41%,
STU0019,10/31/2023,3.0,2.0,,unexcused
STU0019,07 Nov 2023,3.0,3.0,0.68,unexcused
STU0019,11-14-2023,,3.0,,
STU0019,21 Nov 2023,0.0,,,
STU0019,11-28-2023,,2.0,68%,
STU0019,12-05-2023,,2.0,,
STU0019,2023-12-12,1.0,3.0,,
STU0019,2023-12-19,3.0,,0.58,
STU0019,12/26/2023,3.0,3.0,0.53,sick
STU0019,01/02/2024,3.0,2.0,,
STU0019,09 Jan 2024,2.0,3.0,,
STU0019,"January 16, 2024",1.0,2.0,,
STU0011,09-12-2023,0.0,2.0,55%,
STU0011,19 Sep 2023,3.0,3.0,79%,
STU0011,2023-09-26,3.0,3.0,41%,
STU0011,03 Oct 2023,3.0,3.0,,
STU0011,10 Oct 2023,,2.0,74%,excused
STU0011,10/17/2023,,,93%,
STU0011,2023-10-24,1.0,,1.0,unexcused
STU0011,31 Oct 2023,0.0,3.0,,
STU0011,11/07/2023,0.0,2.0,94%,
STU0011,"November 14, 2023",2.0,3.0,90%,
STU0011,11/21/2023,,2.0,1.0,sick
STU0011,"November 28, 2023",1.0,3.0,,
STU0011,05 Dec 2023,0.0,3.0,42%,
STU0011,12-12-2023,3.0,3.0,82%,
STU0011,12/19/2023,2.0,3.0,0.6,
STU0011,12/26/2023,1.0,2.0,,
STU0011,"January 02, 2024",1.0,3.0,,family emergency
STU0011,"January 09, 2024",1.0,2.0,75%,
STU0011,16 Jan 2024,0.0,3.0,,sick
STU0270,09-05-2023,2.0,2.0,77%,
STU0270,19 Sep 2023,1.0,,91%,
STU0270,10-03-2023,0.0,2.0,0.73,
STU0270,"October 10, 2023",,,,unexcused
STU0270,10/17/2023,2.0,3.0,0.66,
STU0270,"October 24, 2023",,2.0,,sick
STU0270,31 Oct 2023,2.0,3.0,79%,sick
STU0270,07 Nov 2023,1.0,3.0,0.95,
STU0270,"November 14, 2023",1.0,,,
STU0270,11/21/2023,1.0,3.0,,
STU0270,"November 28, 2023",3.0,3.0,,
STU0270,12-05-2023,2.0,2.0,0.92,
STU0270,"December 12, 2023",1.0,,,
STU0270,2023-12-19,,3.0,84%,
STU0270,2023-12-26,,3.0,41%,
STU0270,"January 02, 2024",0.0,2.0,0.86,
STU0053,"September 05, 2023",0.0,3.0,46%,
STU0053,2023-09-12,2.0,2.0,,
STU0053,19 Sep 2023,0.0,,,
STU0053,10/03/2023,1.0,2.0,73%,
STU0053,"October 10, 2023",,2.0,,
STU0053,"October 17, 2023",2.0,2.0,,
STU0053,10-24-2023,1.0,2.0,0.55,unexcused
STU0053,31 Oct 2023,1.0,3.0,0.74,
STU0053,11/07/2023,3.0,2.0,66%,
STU0053,11/14/2023,1.0,2.0,0.91,
STU0053,21 Nov 2023,3.0,2.0,,
STU0053,28 Nov 2023,0.0,2.0,0.61,
STU0053,05 Dec 2023,2.0,2.0,0.48,
STU0053,"December 12, 2023",,3.0,,sick
STU0053,2023-12-26,1.0,3.0,,
STU0053,01/02/2024,3.0,2.0,,
STU0053,2024-01-16,2.0,3.0,0.88,
STU0257,"September 05, 2023",,3.0,0.93,
STU0257,09-12-2023,3.0,2.0,0.46,
STU0257,2023-09-19,0.0,3.0,0.53,
STU0257,26 Sep 2023,0.0,3.0,0.46,excused
STU0257,"October 03, 2023",,3.0,,family emergency
STU0257,10 Oct 2023,,2.0,,sick
STU0257,10/17/2023,0.0,2.0,0.52,excused
STU0257,10/24/2023,1.0,,,
STU0257,10-31-2023,3.0,2.0,0.5,
STU0257,07 Nov 2023,,2.0,46%,
STU0257,"November 14, 2023",2.0,2.0,,
STU0257,21 Nov 2023,2.0,2.0,0.88,
STU0257,2023-11-28,0.0,2.0,,
STU0257,"December 05, 2023",,2.0,0.54,
STU0257,2023-12-12,1.0,2.0,56%,unexcused
STU0257,12/26/2023,1.0,2.0,,family emergency
STU0257,01-02-2024,3.0,3.0,0.6,
STU0257,2024-01-09,0.0,,0.51,
STU0204,"September 05, 2023",0.0,3.0,,
STU0204,09/12/2023,3.0,2.0,,
STU0204,"September 19, 2023",3.0,2.0,0.4,
STU0204,"September 26, 2023",2.0,3.0,0.47,
STU0204,2023-10-03,2.0,2.0,,
STU0204,10/10/2023,3.0,3.0,,
STU0204,2023-10-24,0.0,3.0,,
STU0204,10/31/2023,3.0,2.0,0.63,
STU0204,2023-11-07,1.0,3.0,,
STU0204,11/14/2023,3.0,2.0,73%,sick
STU0204,21 Nov 2023,0.0,3.0,50%,sick
STU0204,2023-11-28,1.0,2.0,,unexcused
STU0204,2023-12-05,0.0,3.0,,
STU0204,12/12/2023,0.0,2.0,0.57,
STU0204,2023-12-19,2.0,2.0,0.57,
STU0204,"December 26, 2023",2.0,2.0,,
STU0204,2024-01-02,0.0,2.0,0.45,
STU0204,01/09/2024,0.0,2.0,,family emergency
STU0204,16 Jan 2024,0.0,3.0,,
STU0249,"September 12, 2023",0.0,,,
STU0249,19 Sep 2023,2.0,2.0,0.94,
STU0249,09-26-2023,1.0,2.0,,
STU0249,10/03/2023,1.0,3.0,48%,
STU0249,"October 10, 2023",,3.0,0.6,
STU0249,10-17-2023,1.0,3.0,,
STU0249,24 Oct 2023,3.0,2.0,0.46,excused
STU0249,2023-10-31,1.0,3.0,0.45,
STU0249,11/07/2023,0.0,2.0,43%,
STU0249,14 Nov 2023,3.0,2.0,93%,
STU0249,"November 21, 2023",0.0,3.0,55%,
STU0249,28 Nov 2023,0.0,3.0,,
STU0249,2023-12-05,2.0,2.0,0.57,family emergency
STU0249,12/12/2023,3.0,3.0,,
STU0249,19 Dec 2023,0.0,3.0,77%,
STU0249,2023-12-26,,3.0,0.88,
STU0249,01/02/2024,2.0,3.0,0.74,
STU0249,01/09/2024,3.0,3.0,,
STU0249,01/16/2024,1.0,3.0,0.94,
STU0022,09-05-2023,0.0,3.0,,
STU0022,09/12/2023,3.0,3.0,,
STU0022,19 Sep 2023,0.0,,0.69,
STU0022,"September 26, 2023",2.0,2.0,57%,
STU0022,"October 03, 2023",2.0,2.0,50%,
STU0022,10 Oct 2023,3.0,,93%,
STU0022,"October 17, 2023",2.0,,0.44,
STU0022,2023-10-24,,3.0,0.92,
STU0022,2023-10-31,2.0,3.0,68%,
STU0022,07 Nov 2023,1.0,3.0,0.76,excused
STU0022,14 Nov 2023,3.0,2.0,,
STU0022,11/21/2023,1.0,,99%,
STU0022,28 Nov 2023,0.0,2.0,0.52,
STU0022,12 Dec 2023,1.0,3.0,76%,
STU0022,12-26-2023,2.0,2.0,,
STU0022,09 Jan 2024,2.0,2.0,0.52,
STU0022,16 Jan 2024,3.0,2.0,0.45,family emergency
STU0298,09/05/2023,0.0,3.0,,
STU0298,"September 12, 2023",3.0,3.0,,excused
STU0298,09-19-2023,,2.0,0.67,
STU0298,26 Sep 2023,3.0,2.0,65%,
STU0298,2023-10-03,2.0,3.0,0.45,
STU0298,2023-10-10,3.0,,0.6,
STU0298,"October 17, 2023",,2.0,,
STU0298,10-24-2023,1.0,3.0,,excused
STU0298,"October 31, 2023",1.0,3.0,84%,
STU0298,"November 07, 2023",2.0,2.0,,family emergency
STU0298,2023-11-14,,2.0,68%,
STU0298,2023-11-21,3.0,2.0,,
STU0298,"November 28, 2023",1.0,3.0,0.83,
STU0298,2023-12-05,2.0,2.0,0.51,
STU0298,12-19-2023,3.0,3.0,,sick
STU0298,12-26-2023,2.0,2.0,77%,sick
STU0298,01/02/2024,1.0,2.0,94%,unexcused
STU0298,"January 09, 2024",0.0,2.0,98%,sick
STU0298,01/16/2024,2.0,2.0,,
STU0145,2023-09-05,1.0,2.0,0.63,
STU0145,"September 12, 2023",,3.0,58%,
STU0145,"September 19, 2023",0.0,2.0,0.76,
STU0145,2023-09-26,0.0,2.0,,
STU0145,10/03/2023,2.0,2.0,,
STU0145,2023-10-10,2.0,2.0,46%,
STU0145,17 Oct 2023,3.0,2.0,0.71,unexcused
STU0145,10/31/2023,2.0,2.0,98%,sick
STU0145,07 Nov 2023,3.0,3.0,,sick
STU0145,11-14-2023,2.0,3.0,,
STU0145,"November 21, 2023",0.0,3.0,0.42,
STU0145,11/28/2023,,2.0,0.93,
STU0145,2023-12-12,1.0,3.0,46%,
STU0145,"December 19, 2023",3.0,2.0,90%,
STU0145,2023-12-26,1.0,2.0,0.57,unexcused
STU0145,2024-01-02,1.0,2.0,,
STU0145,2024-01-16,1.0,3.0,,unexcused
STU0155,2023-09-05,3.0,2.0,60%,
STU0155,09/12/2023,3.0,2.0,,family emergency
STU0155,2023-09-19,,2.0,81%,
STU0155,09/26/2023,1.0,2.0,,unexcused
STU0155,2023-10-03,3.0,2.0,0.54,
STU0155,10/10/2023,1.0,3.0,,
STU0155,17 Oct 2023,2.0,2.0,,
STU0155,10/24/2023,3.0,,0.74,
STU0155,31 Oct 2023,3.0,2.0,0.94,
STU0155,11/07/2023,,2.0,,
STU0155,28 Nov 2023,3.0,3.0,,
STU0155,12/05/2023,3.0,2.0,0.57,
STU0155,"December 12, 2023",,2.0,,
STU0155,"December 19, 2023",1.0,3.0,52%,
STU0155,2024-01-02,3.0,2.0,,
STU0155,01/09/2024,0.0,2.0,69%,
STU0155,2024-01-16,,,0.95,
STU0013,"September 05, 2023",3.0,2.0,0.85,
STU0013,"September 12, 2023",0.0,3.0,,
STU0013,2023-09-19,3.0,2.0,,
STU0013,09/26/2023,0.0,2.0,,excused
STU0013,2023-10-03,1.0,3.0,0.82,unexcused
STU0013,10-10-2023,1.0,3.0,64%,
STU0013,10/24/2023,0.0,3.0,,
STU0013,10/31/2023,0.0,2.0,41%,unexcused
STU0013,2023-11-07,2.0,2.0,0.81,
STU0013,05 Dec 2023,3.0,3.0,,
STU0013,12-12-2023,2.0,2.0,,
STU0013,"January 09, 2024",,2.0,,
STU0013,2024-01-16,3.0,2.0,,
STU0295,2023-09-05,2.0,,,
STU0295,2023-09-12,0.0,3.0,57%,
STU0295,2023-09-19,0.0,2.0,83%,
STU0295,2023-09-26,1.0,2.0,1.0,unexcused
STU0295,03 Oct 2023,2.0,3.0,,unexcused
STU0295,10 Oct 2023,,3.0,59%,excused
STU0295,2023-10-17,3.0,3.0,,
STU0295,"October 24, 2023",0.0,3.0,,
STU0295,"October 31, 2023",0.0,3.0,71%,
STU0295,2023-11-07,1.0,3.0,,
STU0295,2023-11-14,1.0,3.0,76%,unexcused
STU0295,11/21/2023,2.0,2.0,0.67,
STU0295,11/28/2023,0.0,2.0,,
STU0295,2023-12-05,,2.0,,
STU0295,"December 12, 2023",3.0,,,
STU0295,"December 19, 2023",0.0,2.0,97%,
STU0295,12-26-2023,1.0,3.0,0.62,excused
STU0295,2024-01-02,3.0,3.0,0.9,
STU0295,2024-01-09,1.0,3.0,0.75,
STU0295,16 Jan 2024,3.0,3.0,,
STU0127,2023-09-05,,,0.94,
STU0127,"September 12, 2023",1.0,3.0,,
STU0127,09-19-2023,0.0,3.0,79%,unexcused
STU0127,26 Sep 2023,0.0,3.0,,
STU0127,10-03-2023,1.0,3.0,,
STU0127,"October 10, 2023",1.0,3.0,0.56,
STU0127,17 Oct 2023,0.0,,0.44,
STU0127,"October 24, 2023",1.0,2.0,53%,
STU0127,2023-10-31,2.0,2.0,0.87,sick
STU0127,11-07-2023,3.0,2.0,0.66,
STU0127,21 Nov 2023,0.0,3.0,,
STU0127,"November 28, 2023",0.0,2.0,,
STU0127,2023-12-05,1.0,2.0,100%,
STU0127,12/12/2023,3.0,3.0,76%,
STU0127,12-19-2023,,2.0,,
STU0127,2023-12-26,,,0.81,
STU0127,02 Jan 2024,1.0,2.0,0.83,
STU0127,09 Jan 2024,,2.0,0.79,
STU0018,05 Sep 2023,2.0,3.0,60%,excused
STU0018,09-12-2023,3.0,3.0,0.6,sick
STU0018,09/19/2023,0.0,2.0,91%,unexcused
STU0018,26 Sep 2023,2.0,,,
STU0018,03 Oct 2023,1.0,2.0,88%,
STU0018,10 Oct 2023,1.0,2.0,51%,
STU0018,"October 17, 2023",2.0,3.0,,
STU0018,24 Oct 2023,3.0,2.0,,
STU0018,2023-10-31,2.0,3.0,,
STU0018,11/07/2023,2.0,3.0,,
STU0018,11/14/2023,2.0,2.0,,
STU0018,11-21-2023,,3.0,,
STU0018,2023-11-28,0.0,2.0,68%,
STU0018,05 Dec 2023,0.0,3.0,,
STU0018,12/12/2023,3.0,2.0,,
STU0018,12/19/2023,0.0,,0.77,
STU0018,"December 26, 2023",1.0,2.0,,
STU0018,09 Jan 2024,3.0,2.0,51%,
STU0018,16 Jan 2024,0.0,2.0,0.93,
STU0140,"September 05, 2023",,3.0,,
STU0140,"September 12, 2023",3.0,3.0,0.72,
STU0140,09-19-2023,3.0,2.0,93%,
STU0140,"October 03, 2023",3.0,2.0,,
STU0140,10/10/2023,0.0,2.0,0.8,unexcused
STU0140,10/17/2023,0.0,2.0,,
STU0140,07 Nov 2023,3.0,2.0,,
STU0140,14 Nov 2023,,2.0,0.51,
STU0140,11-21-2023,1.0,2.0,90%,
STU0140,11-28-2023,3.0,3.0,0.87,
STU0140,12/05/2023,0.0,3.0,77%,
STU0140,2023-12-12,3.0,3.0,,
STU0140,2023-12-19,1.0,2.0,46%,
STU0140,2023-12-26,0.0,2.0,,
STU0140,02 Jan 2024,1.0,3.0,74%,
STU0140,09 Jan 2024,3.0,2.0,77%,family emergency
STU0140,16 Jan 2024,0.0,2.0,48%,
STU0064,"September 05, 2023",1.0,3.0,,unexcused
STU0064,09-12-2023,2.0,2.0,0.67,
STU0064,09/19/2023,,2.0,77%,
STU0064,"September 26, 2023",3.0,2.0,96%,
STU0064,"October 03, 2023",2.0,3.0,60%,
STU0064,10/10/2023,2.0,2.0,,
STU0064,10-17-2023,3.0,2.0,48%,family emergency
STU0064,"October 24, 2023",2.0,,,
STU0064,31 Oct 2023,,,,
STU0064,"November 07, 2023",,3.0,94%,excused
STU0064,11-14-2023,1.0,2.0,,
STU0064,28 Nov 2023,2.0,2.0,,
STU0064,12-05-2023,2.0,2.0,,unexcused
STU0064,12/12/2023,2.0,3.0,0.65,
STU0064,19 Dec 2023,1.0,2.0,,
STU0064,"December 26, 2023",3.0,,,
STU0064,01/02/2024,2.0,2.0,95%,
STU0064,01/09/2024,1.0,3.0,0.96,
STU0064,01-16-2024,3.0,2.0,92%,
STU0194,"September 05, 2023",2.0,3.0,0.5,
STU0194,09-12-2023,,3.0,,excused
STU0194,2023-09-19,0.0,,0.99,sick
STU0194,26 Sep 2023,0.0,2.0,,
STU0194,10-03-2023,0.0,2.0,51%,
STU0194,2023-10-10,1.0,,,sick
STU0194,"October 17, 2023",2.0,,,family emergency
STU0194,24 Oct 2023,0.0,3.0,,
STU0194,10/31/2023,2.0,2.0,0.94,unexcused
STU0194,07 Nov 2023,0.0,,,unexcused
STU0194,"November 14, 2023",1.0,3.0,98%,
STU0194,2023-11-21,,3.0,0.75,family emergency
STU0194,"November 28, 2023",,3.0,,
STU0194,12/05/2023,1.0,3.0,,
STU0194,12/12/2023,2.0,2.0,0.61,
STU0194,19 Dec 2023,1.0,3.0,,
STU0194,12/26/2023,2.0,,,family emergency
STU0194,"January 09, 2024",3.0,,0.93,
STU0194,2024-01-16,2.0,3.0,69%,
STU0206,05 Sep 2023,2.0,,77%,
STU0206,09/12/2023,3.0,2.0,49%,
STU0206,19 Sep 2023,0.0,,45%,unexcused
STU0206,09/26/2023,1.0,,,sick
STU0206,2023-10-03,3.0,3.0,0.66,
STU0206,"October 10, 2023",0.0,3.0,0.68,
STU0206,2023-10-17,2.0,3.0,,
STU0206,"October 24, 2023",3.0,3.0,0.93,
STU0206,31 Oct 2023,,2.0,0.77,
STU0206,2023-11-07,,3.0,,
STU0206,2023-11-14,3.0,3.0,0.83,
STU0206,2023-12-05,2.0,2.0,85%,
STU0206,12-12-2023,,2.0,0.65,
STU0206,2023-12-19,2.0,2.0,69%,
STU0206,12/26/2023,0.0,2.0,,
STU0206,"January 02, 2024",0.0,2.0,0.97,
STU0206,"January 09, 2024",,3.0,0.49,
STU0206,01-16-2024,3.0,3.0,98%,
STU0068,09/05/2023,0.0,3.0,77%,
STU0068,19 Sep 2023,1.0,2.0,0.74,
STU0068,09/26/2023,1.0,3.0,0.47,
STU0068,10-03-2023,2.0,,,
STU0068,"October 10, 2023",0.0,3.0,,
STU0068,10/17/2023,1.0,2.0,58%,unexcused
STU0068,10-24-2023,1.0,3.0,,excused
STU0068,"October 31, 2023",3.0,3.0,95%,family emergency
STU0068,11-07-2023,3.0,3.0,86%,
STU0068,11/14/2023,3.0,3.0,,
STU0068,21 Nov 2023,1.0,,0.61,
STU0068,"November 28, 2023",2.0,3.0,49%,
STU0068,05 Dec 2023,,,0.92,
STU0068,12/12/2023,3.0,,,
STU0068,19 Dec 2023,0.0,3.0,0.53,
STU0068,12/26/2023,0.0,,0.79,
STU0068,01/02/2024,,,57%,sick
STU0068,01/09/2024,3.0,3.0,,
STU0068,01/16/2024,0.0,3.0,0.93,
STU0139,05 Sep 2023,3.0,3.0,47%,
STU0139,09-12-2023,1.0,,,
STU0139,19 Sep 2023,1.0,2.0,,
STU0139,"September 26, 2023",0.0,2.0,,unexcused
STU0139,10/03/2023,3.0,3.0,0.71,
STU0139,10 Oct 2023,1.0,3.0,,
STU0139,17 Oct 2023,1.0,2.0,0.76,
STU0139,10/24/2023,2.0,2.0,0.45,excused
STU0139,31 Oct 2023,0.0,3.0,,
STU0139,07 Nov 2023,0.0,2.0,,
STU0139,11/14/2023,0.0,3.0,,
STU0139,21 Nov 2023,1.0,3.0,,unexcused
STU0139,"November 28, 2023",0.0,3.0,,
STU0139,12/05/2023,1.0,3.0,,
STU0139,12 Dec 2023,1.0,3.0,,
STU0139,19 Dec 2023,,,,
STU0139,2023-12-26,0.0,3.0,72%,
STU0139,01-02-2024,,3.0,60%,unexcused
STU0139,01-09-2024,0.0,,,
STU0139,2024-01-16,3.0,2.0,71%,
STU0044,09-12-2023,1.0,2.0,,unexcused
STU0044,09-19-2023,0.0,2.0,,
STU0044,2023-09-26,3.0,2.0,0.94,
STU0044,2023-10-03,3.0,3.0,,
STU0044,10-10-2023,,2.0,,
STU0044,10-17-2023,1.0,,44%,
STU0044,10-24-2023,3.0,3.0,0.83,
STU0044,"October 31, 2023",3.0,3.0,99%,
STU0044,11-07-2023,3.0,2.0,41%,
STU0044,2023-11-14,3.0,3.0,,
STU0044,"November 21, 2023",3.0,,,
STU0044,11/28/2023,3.0,2.0,45%,
STU0044,"December 05, 2023",2.0,3.0,0.65,sick
STU0044,12-12-2023,1.0,3.0,,
STU0044,"December 19, 2023",1.0,3.0,,
STU0044,"December 26, 2023",1.0,2.0,,
STU0044,"January 02, 2024",,,,
STU0044,09 Jan 2024,0.0,3.0,52%,
STU0044,"January 16, 2024",1.0,,59%,
STU0040,09/12/2023,0.0,2.0,0.92,unexcused
STU0040,19 Sep 2023,2.0,3.0,,
STU0040,2023-09-26,1.0,3.0,52%,
STU0040,10/03/2023,,2.0,93%,
STU0040,10-17-2023,3.0,3.0,41%,family emergency
STU0040,24 Oct 2023,,3.0,76%,
STU0040,2023-10-31,3.0,,42%,
STU0040,11-07-2023,0.0,3.0,68%,
STU0040,11/14/2023,,2.0,0.64,
STU0040,11-21-2023,3.0,2.0,97%,sick
STU0040,12/05/2023,3.0,3.0,,
STU0040,2023-12-12,1.0,3.0,0.5,
STU0040,19 Dec 2023,0.0,,,
STU0040,26 Dec 2023,3.0,3.0,0.73,
STU0040,01-02-2024,2.0,2.0,,
STU0040,09 Jan 2024,1.0,2.0,,
STU0040,01-16-2024,2.0,2.0,0.69,excused
STU0038,2023-09-05,0.0,2.0,0.98,
STU0038,"September 12, 2023",0.0,2.0,92%,excused
STU0038,"September 19, 2023",1.0,3.0,,
STU0038,09/26/2023,3.0,3.0,,
STU0038,10/03/2023,3.0,3.0,0.79,
STU0038,10/10/2023,1.0,3.0,0.93,
STU0038,10-17-2023,0.0,2.0,,
STU0038,10-31-2023,1.0,3.0,0.77,
STU0038,"November 07, 2023",2.0,3.0,70%,unexcused
STU0038,2023-11-14,,3.0,,
STU0038,11/21/2023,1.0,,99%,
STU0038,"November 28, 2023",3.0,2.0,,
STU0038,12/05/2023,0.0,2.0,0.56,
STU0038,2023-12-12,1.0,,0.74,
STU0038,12/19/2023,,2.0,,excused
STU0038,26 Dec 2023,3.0,3.0,,
STU0038,02 Jan 2024,2.0,2.0,42%,
STU0038,"January 09, 2024",3.0,3.0,,family emergency
STU0038,2024-01-16,3.0,2.0,0.51,family emergency
STU0259,09/05/2023,,,,
STU0259,"September 12, 2023",,3.0,,
STU0259,2023-09-19,1.0,,0.73,
STU0259,09/26/2023,,3.0,74%,
STU0259,10-03-2023,0.0,2.0,0.93,excused
STU0259,10/10/2023,3.0,2.0,,
STU0259,17 Oct 2023,3.0,2.0,0.73,
STU0259,10/24/2023,1.0,3.0,,
STU0259,31 Oct 2023,1.0,2.0,,
STU0259,11/07/2023,1.0,,,sick
STU0259,"November 14, 2023",0.0,3.0,,
STU0259,2023-11-21,3.0,3.0,,
STU0259,2023-11-28,1.0,3.0,,sick
STU0259,"December 05, 2023",1.0,3.0,,
STU0259,12 Dec 2023,3.0,3.0,79%,
STU0259,12-19-2023,1.0,2.0,,family emergency
STU0259,"December 26, 2023",0.0,3.0,,
STU0259,"January 02, 2024",3.0,2.0,,
STU0259,"January 09, 2024",2.0,2.0,,
STU0259,16 Jan 2024,2.0,2.0,,
STU0213,09/05/2023,3.0,3.0,0.47,unexcused
STU0213,"September 19, 2023",,2.0,,
STU0213,"September 26, 2023",1.0,2.0,,
STU0213,2023-10-03,2.0,,68%,
STU0213,17 Oct 2023,,3.0,100%,
STU0213,10/24/2023,3.0,3.0,72%,
STU0213,10/31/2023,3.0,,53%,
STU0213,11-07-2023,2.0,3.0,42%,
STU0213,14 Nov 2023,2.0,2.0,0.87,
STU0213,21 Nov 2023,1.0,3.0,,
STU0213,11-28-2023,3.0,3.0,64%,
STU0213,12/05/2023,3.0,2.0,0.89,family emergency
STU0213,12-12-2023,2.0,,,
STU0213,12/19/2023,0.0,2.0,,
STU0213,12-26-2023,1.0,3.0,0.59,
STU0213,01-02-2024,1.0,,72%,
STU0213,2024-01-16,0.0,2.0,57%,
STU0288,09/05/2023,2.0,,0.87,sick
STU0288,12 Sep 2023,1.0,,,
STU0288,2023-09-19,0.0,2.0,0.71,
STU0288,09/26/2023,0.0,2.0,40%,
STU0288,10-03-2023,1.0,3.0,53%,family emergency
STU0288,2023-10-10,0.0,2.0,52%,
STU0288,17 Oct 2023,3.0,3.0,0.44,
STU0288,10-24-2023,3.0,3.0,,
STU0288,2023-10-31,0.0,3.0,0.75,
STU0288,2023-11-07,3.0,3.0,58%,
STU0288,"November 14, 2023",3.0,3.0,63%,
STU0288,11/21/2023,0.0,2.0,,
STU0288,2023-11-28,1.0,2.0,0.94,sick
STU0288,12-05-2023,2.0,3.0,0.52,family emergency
STU0288,12/12/2023,1.0,2.0,,
STU0288,19 Dec 2023,0.0,3.0,,
STU0288,"December 26, 2023",1.0,3.0,0.43,family emergency
STU0288,01/02/2024,,3.0,,
STU0288,01-09-2024,1.0,,,
STU0288,"January 16, 2024",1.0,3.0,,
STU0008,"September 05, 2023",2.0,2.0,42%,
STU0008,09/12/2023,,3.0,73%,
STU0008,09/19/2023,2.0,3.0,,
STU0008,26 Sep 2023,0.0,3.0,81%,
STU0008,10/03/2023,2.0,,,
STU0008,10/10/2023,3.0,,78%,
STU0008,10-24-2023,1.0,3.0,,
STU0008,31 Oct 2023,2.0,2.0,80%,
STU0008,2023-11-07,0.0,2.0,,
STU0008,"November 14, 2023",0.0,3.0,,sick
STU0008,"November 21, 2023",3.0,2.0,,
STU0008,"November 28, 2023",1.0,3.0,88%,
STU0008,12-05-2023,3.0,3.0,0.56,family emergency
STU0008,2023-12-12,0.0,3.0,0.86,
STU0008,2023-12-19,3.0,3.0,0.85,
STU0008,26 Dec 2023,0.0,2.0,,
STU0008,02 Jan 2024,0.0,2.0,0.61,
STU0008,01/09/2024,0.0,3.0,,excused
STU0008,"January 16, 2024",,2.0,0.62,
STU0078,"September 05, 2023",,2.0,,
STU0078,12 Sep 2023,2.0,3.0,45%,
STU0078,09/26/2023,1.0,2.0,0.77,
STU0078,10/03/2023,0.0,2.0,,unexcused
STU0078,10/17/2023,3.0,3.0,0.44,
STU0078,"October 31, 2023",,2.0,,excused
STU0078,07 Nov 2023,0.0,2.0,0.5,
STU0078,14 Nov 2023,0.0,3.0,91%,
STU0078,2023-11-21,,2.0,44%,
STU0078,2023-11-28,1.0,3.0,0.87,
STU0078,12/05/2023,2.0,3.0,,
STU0078,12 Dec 2023,3.0,3.0,51%,
STU0078,12/19/2023,3.0,3.0,0.58,
STU0078,12-26-2023,,2.0,0.46,
STU0078,01/02/2024,3.0,3.0,,
STU0078,"January 09, 2024",3.0,3.0,,
STU0049,05 Sep 2023,0.0,2.0,,
STU0049,"September 19, 2023",1.0,2.0,54%,
STU0049,2023-09-26,,3.0,,
STU0049,03 Oct 2023,1.0,3.0,,
STU0049,10/10/2023,2.0,3.0,,
STU0049,2023-10-17,0.0,3.0,0.41,
STU0049,10/24/2023,3.0,3.0,,
STU0049,11-14-2023,2.0,2.0,75%,
STU0049,"December 05, 2023",2.0,2.0,0.93,excused
STU0049,2023-12-12,,3.0,,
STU0049,2023-12-26,0.0,3.0,0.57,family emergency
STU0049,01-02-2024,2.0,3.0,,
STU0049,2024-01-09,1.0,2.0,,
STU0049,2024-01-16,1.0,3.0,0.72,
STU0189,09/05/2023,2.0,2.0,0.5,
STU0189,09/12/2023,0.0,2.0,0.6,
STU0189,09-19-2023,2.0,3.0,,
STU0189,2023-10-03,,2.0,0.67,
STU0189,10/10/2023,,2.0,,
STU0189,10-17-2023,1.0,3.0,96%,unexcused
STU0189,10/24/2023,2.0,,0.45,
STU0189,10/31/2023,2.0,2.0,0.61,
STU0189,11-07-2023,0.0,2.0,51%,
STU0189,14 Nov 2023,2.0,3.0,0.91,
STU0189,21 Nov 2023,3.0,3.0,0.58,
STU0189,2023-11-28,0.0,2.0,76%,
STU0189,12-05-2023,1.0,3.0,88%,
STU0189,12 Dec 2023,2.0,3.0,,
STU0189,12-19-2023,0.0,2.0,0.77,
STU0189,2023-12-26,3.0,2.0,,
STU0189,"January 02, 2024",2.0,3.0,65%,
STU0189,2024-01-09,0.0,2.0,,excused
STU0189,2024-01-16,0.0,2.0,,
STU0151,"September 05, 2023",,2.0,,
STU0151,"September 12, 2023",,,59%,
STU0151,2023-09-19,3.0,,,unexcused
STU0151,"September 26, 2023",0.0,,,
STU0151,2023-10-03,,3.0,,family emergency
STU0151,10 Oct 2023,0.0,3.0,,
STU0151,2023-10-24,3.0,2.0,,
STU0151,2023-10-31,1.0,,0.93,
STU0151,2023-11-07,2.0,3.0,0.7,
STU0151,11/14/2023,1.0,2.0,,
STU0151,"November 21, 2023",2.0,3.0,64%,
STU0151,2023-11-28,1.0,3.0,,excused
STU0151,12-05-2023,1.0,2.0,,
STU0151,12/12/2023,2.0,2.0,0.92,
STU0151,2023-12-19,2.0,3.0,0.89,
STU0151,2023-12-26,3.0,3.0,,
STU0151,"January 02, 2024",2.0,,0.6,sick
STU0151,01/09/2024,3.0,3.0,0.47,sick
STU0151,2024-01-16,1.0,2.0,,
STU0296,"September 05, 2023",0.0,3.0,0.91,
STU0296,12 Sep 2023,0.0,3.0,63%,
STU0296,03 Oct 2023,,3.0,,
STU0296,2023-10-10,,3.0,0.54,sick
STU0296,"October 17, 2023",2.0,2.0,51%,
STU0296,10/24/2023,3.0,3.0,,
STU0296,10/31/2023,1.0,2.0,100%,
STU0296,07 Nov 2023,1.0,2.0,,
STU0296,2023-11-14,2.0,3.0,,sick
STU0296,11-21-2023,0.0,2.0,0.75,
STU0296,11-28-2023,0.0,3.0,,
STU0296,12-05-2023,1.0,2.0,,
STU0296,12/12/2023,3.0,,,
STU0296,12-26-2023,3.0,2.0,0.46,
STU0296,2024-01-02,2.0,3.0,0.54,family emergency
STU0296,01/16/2024,,2.0,,
STU0101,05 Sep 2023,,2.0,0.67,
STU0101,2023-09-12,2.0,2.0,51%,
STU0101,"September 19, 2023",1.0,3.0,68%,
STU0101,"September 26, 2023",0.0,3.0,,
STU0101,10/03/2023,1.0,2.0,0.7,
STU0101,10-10-2023,0.0,,85%,
STU0101,10/17/2023,2.0,2.0,,
STU0101,31 Oct 2023,2.0,3.0,88%,
STU0101,2023-11-07,1.0,2.0,63%,
STU0101,"November 14, 2023",0.0,2.0,0.61,excused
STU0101,2023-11-21,0.0,3.0,,
STU0101,11-28-2023,0.0,3.0,,
STU0101,12/05/2023,1.0,3.0,,excused
STU0101,"December 19, 2023",1.0,3.0,,sick
STU0101,"December 26, 2023",1.0,2.0,,
STU0101,01/02/2024,0.0,3.0,,unexcused
STU0101,2024-01-09,1.0,,70%,
STU0101,01-16-2024,3.0,3.0,0.46,
STU0050,09/05/2023,,2.0,97%,
STU0050,2023-09-12,0.0,2.0,0.61,
STU0050,2023-09-19,2.0,2.0,,
STU0050,09/26/2023,2.0,3.0,,
STU0050,10-03-2023,0.0,2.0,0.73,
STU0050,10/10/2023,1.0,3.0,0.61,family emergency
STU0050,17 Oct 2023,,3.0,,unexcused
STU0050,10-24-2023,3.0,3.0,,
STU0050,10/31/2023,2.0,2.0,,
STU0050,11/07/2023,1.0,2.0,,
STU0050,11-14-2023,3.0,3.0,0.86,excused
STU0050,11/21/2023,1.0,2.0,0.74,
STU0050,11/28/2023,,3.0,93%,excused
STU0050,12/05/2023,,3.0,,
STU0050,12/12/2023,2.0,2.0,,
STU0050,2023-12-19,3.0,2.0,60%,excused
STU0050,2023-12-26,3.0,2.0,,
STU0050,02 Jan 2024,1.0,,0.9,
STU0050,01/09/2024,,3.0,,unexcused
STU0050,01-16-2024,,2.0,82%,family emergency
STU0260,2023-09-05,3.0,2.0,,sick
STU0260,12 Sep 2023,2.0,2.0,45%,
STU0260,09/19/2023,0.0,3.0,,
STU0260,26 Sep 2023,2.0,3.0,0.67,sick
STU0260,10/03/2023,3.0,2.0,,
STU0260,10-10-2023,0.0,2.0,95%,
STU0260,10/17/2023,0.0,3.0,0.87,
STU0260,"October 24, 2023",0.0,,,
STU0260,"October 31, 2023",2.0,,,
STU0260,07 Nov 2023,2.0,3.0,0.93,
STU0260,2023-11-14,2.0,2.0,,
STU0260,11-21-2023,0.0,,63%,
STU0260,11/28/2023,1.0,3.0,41%,
STU0260,2023-12-12,1.0,2.0,,
STU0260,19 Dec 2023,3.0,3.0,42%,
STU0260,12/26/2023,3.0,2.0,80%,
STU0260,01/02/2024,0.0,2.0,,
STU0260,09 Jan 2024,0.0,2.0,44%,
STU0260,2024-01-16,3.0,2.0,0.71,
STU0156,05 Sep 2023,0.0,3.0,0.98,
STU0156,2023-09-12,3.0,3.0,77%,unexcused
STU0156,09/19/2023,0.0,2.0,,
STU0156,"September 26, 2023",3.0,3.0,,
STU0156,"October 03, 2023",1.0,3.0,87%,unexcused
STU0156,2023-10-10,3.0,2.0,0.7,family emergency
STU0156,10/17/2023,0.0,,,
STU0156,"October 24, 2023",0.0,2.0,,
STU0156,10-31-2023,0.0,2.0,0.71,
STU0156,"November 07, 2023",1.0,3.0,89%,
STU0156,2023-11-14,3.0,3.0,81%,
STU0156,21 Nov 2023,0.0,3.0,70%,
STU0156,2023-11-28,1.0,,51%,
STU0156,"December 05, 2023",3.0,2.0,,family emergency
STU0156,2023-12-12,2.0,2.0,0.79,
STU0156,12/19/2023,1.0,,,
STU0156,26 Dec 2023,0.0,3.0,,
STU0156,02 Jan 2024,2.0,2.0,90%,
STU0156,09 Jan 2024,2.0,,76%,
STU0156,16 Jan 2024,3.0,2.0,42%,
STU0220,"September 05, 2023",3.0,2.0,76%,
STU0220,2023-09-12,2.0,3.0,,
STU0220,"September 26, 2023",3.0,3.0,,
STU0220,"October 03, 2023",1.0,3.0,72%,
STU0220,10 Oct 2023,0.0,2.0,73%,
STU0220,"October 17, 2023",1.0,2.0,,
STU0220,31 Oct 2023,3.0,2.0,,excused
STU0220,"November 07, 2023",0.0,,76%,
STU0220,2023-11-14,3.0,3.0,,
STU0220,11/21/2023,0.0,2.0,76%,
STU0220,"November 28, 2023",2.0,3.0,,
STU0220,05 Dec 2023,1.0,2.0,0.62,
STU0220,12 Dec 2023,2.0,2.0,,sick
STU0220,12-26-2023,3.0,2.0,0.98,
STU0220,2024-01-02,0.0,3.0,,
STU0220,01/09/2024,0.0,3.0,,
STU0220,01/16/2024,,3.0,94%,
STU0080,09-05-2023,3.0,3.0,0.72,sick
STU0080,2023-09-12,3.0,2.0,90%,
STU0080,09-19-2023,0.0,2.0,,
STU0080,09-26-2023,0.0,2.0,40%,
STU0080,2023-10-03,2.0,3.0,79%,
STU0080,10 Oct 2023,0.0,,0.57,excused
STU0080,10-17-2023,0.0,2.0,,
STU0080,10/24/2023,3.0,2.0,0.84,
STU0080,10-31-2023,0.0,2.0,,
STU0080,"November 07, 2023",1.0,2.0,0.65,
STU0080,2023-11-14,0.0,3.0,,
STU0080,2023-11-28,0.0,3.0,,unexcused
STU0080,2023-12-05,2.0,3.0,91%,
STU0080,12 Dec 2023,0.0,3.0,,
STU0080,2023-12-19,3.0,3.0,,excused
STU0080,12/26/2023,,2.0,,
STU0080,02 Jan 2024,3.0,2.0,,family emergency
STU0080,2024-01-09,1.0,2.0,48%,
STU0201,"September 05, 2023",,2.0,0.42,
STU0201,"September 12, 2023",0.0,3.0,,
STU0201,09/19/2023,0.0,2.0,0.49,
STU0201,26 Sep 2023,2.0,3.0,0.47,
STU0201,03 Oct 2023,0.0,3.0,71%,sick
STU0201,"October 10, 2023",,3.0,,
STU0201,"October 17, 2023",0.0,2.0,,
STU0201,10-24-2023,2.0,3.0,,
STU0201,10-31-2023,3.0,2.0,91%,
STU0201,11/21/2023,3.0,,0.52,
STU0201,11/28/2023,,2.0,45%,
STU0201,"December 12, 2023",0.0,2.0,,
STU0201,12-26-2023,2.0,3.0,,
STU0201,2024-01-02,3.0,3.0,53%,
STU0201,01-09-2024,3.0,3.0,,unexcused
STU0201,16 Jan 2024,3.0,2.0,,
STU0293,05 Sep 2023,3.0,2.0,,unexcused
STU0293,"September 12, 2023",3.0,2.0,48%,unexcused
STU0293,19 Sep 2023,3.0,2.0,0.66,
STU0293,09-26-2023,,2.0,46%,
STU0293,10/03/2023,1.0,3.0,,
STU0293,2023-10-10,3.0,3.0,,
STU0293,10-17-2023,3.0,2.0,,family emergency
STU0293,10/24/2023,1.0,3.0,0.83,
STU0293,2023-10-31,3.0,2.0,,
STU0293,2023-11-07,1.0,2.0,,
STU0293,2023-11-14,3.0,3.0,,
STU0293,11-21-2023,1.0,3.0,40%,excused
STU0293,28 Nov 2023,1.0,3.0,100%,sick
STU0293,12-05-2023,3.0,3.0,0.53,
STU0293,"December 12, 2023",2.0,2.0,,
STU0293,12-19-2023,0.0,2.0,95%,
STU0293,"December 26, 2023",2.0,2.0,,
STU0293,2024-01-09,2.0,3.0,0.41,
STU0293,01/16/2024,1.0,3.0,,family emergency
STU0109,05 Sep 2023,0.0,2.0,,
STU0109,"September 12, 2023",,2.0,0.45,
STU0109,09-19-2023,3.0,3.0,,
STU0109,26 Sep 2023,1.0,2.0,94%,family emergency
STU0109,"October 10, 2023",1.0,3.0,66%,sick
STU0109,17 Oct 2023,2.0,3.0,62%,
STU0109,2023-10-24,,3.0,,
STU0109,31 Oct 2023,3.0,,56%,
STU0109,11-07-2023,0.0,2.0,,unexcused
STU0109,2023-11-14,0.0,2.0,79%,
STU0109,21 Nov 2023,0.0,3.0,,
STU0109,2023-11-28,1.0,2.0,,family emergency
STU0109,"December 05, 2023",3.0,3.0,0.49,
STU0109,12-12-2023,2.0,3.0,,
STU0109,12/26/2023,2.0,3.0,,
STU0109,01-02-2024,2.0,2.0,,
STU0109,2024-01-09,3.0,3.0,,
STU0109,16 Jan 2024,2.0,2.0,97%,
STU0132,2023-09-05,1.0,3.0,,
STU0132,09/12/2023,1.0,,,
STU0132,19 Sep 2023,3.0,,,
STU0132,2023-09-26,,2.0,0.7,sick
STU0132,03 Oct 2023,0.0,2.0,0.68,
STU0132,"October 10, 2023",0.0,2.0,,
STU0132,"October 17, 2023",,3.0,77%,
STU0132,24 Oct 2023,2.0,2.0,,excused
STU0132,31 Oct 2023,0.0,2.0,,
STU0132,07 Nov 2023,1.0,2.0,68%,excused
STU0132,14 Nov 2023,,2.0,0.81,
STU0132,11-21-2023,0.0,2.0,,family emergency
STU0132,2023-11-28,1.0,2.0,98%,
STU0132,05 Dec 2023,1.0,2.0,,
STU0132,12 Dec 2023,2.0,3.0,0.55,
STU0132,"December 19, 2023",1.0,2.0,40%,
STU0132,12/26/2023,0.0,3.0,89%,
STU0132,"January 02, 2024",3.0,2.0,,sick
STU0132,2024-01-09,0.0,3.0,,unexcused
STU0132,01-16-2024,0.0,,,
STU0191,05 Sep 2023,3.0,2.0,,
STU0191,12 Sep 2023,,2.0,94%,
STU0191,09/19/2023,2.0,3.0,47%,
STU0191,09/26/2023,1.0,,,
STU0191,10-03-2023,2.0,3.0,1.0,
STU0191,10-10-2023,0.0,3.0,,family emergency
STU0191,17 Oct 2023,3.0,3.0,,
STU0191,24 Oct 2023,2.0,2.0,0.67,
STU0191,31 Oct 2023,0.0,3.0,90%,
STU0191,2023-11-07,2.0,2.0,0.89,
STU0191,11/14/2023,3.0,2.0,0.86,
STU0191,2023-11-21,3.0,,66%,
STU0191,28 Nov 2023,3.0,,87%,
STU0191,2023-12-05,1.0,2.0,54%,
STU0191,12/12/2023,3.0,2.0,,family emergency
STU0191,12-19-2023,1.0,3.0,0.47,
STU0191,2023-12-26,3.0,3.0,0.66,family emergency
STU0191,02 Jan 2024,1.0,2.0,77%,
STU0191,01-09-2024,2.0,2.0,68%,sick
STU0191,2024-01-16,0.0,,91%,
STU0006,09-05-2023,2.0,3.0,0.64,
STU0006,09/19/2023,,3.0,0.84,
STU0006,09/26/2023,,3.0,,
STU0006,2023-10-03,,3.0,81%,
STU0006,10-10-2023,,3.0,,excused
STU0006,17 Oct 2023,3.0,2.0,40%,
STU0006,"October 24, 2023",3.0,3.0,88%,
STU0006,2023-10-31,1.0,2.0,44%,unexcused
STU0006,07 Nov 2023,,,67%,
STU0006,2023-11-14,2.0,2.0,46%,
STU0006,2023-11-21,,3.0,0.74,
STU0006,"November 28, 2023",1.0,2.0,0.42,
STU0006,2023-12-05,2.0,,0.8,excused
STU0006,12-12-2023,1.0,2.0,0.79,excused
STU0006,"December 19, 2023",2.0,3.0,53%,
STU0006,"December 26, 2023",3.0,2.0,67%,unexcused
STU0006,"January 02, 2024",2.0,3.0,0.68,
STU0006,01/09/2024,3.0,3.0,,family emergency
STU0006,01-16-2024,0.0,3.0,,
STU0281,2023-09-05,2.0,3.0,,sick
STU0281,09-12-2023,3.0,3.0,,
STU0281,"September 19, 2023",2.0,2.0,85%,
STU0281,26 Sep 2023,0.0,3.0,0.82,
STU0281,10/03/2023,2.0,3.0,,
STU0281,10-10-2023,3.0,2.0,,
STU0281,10/17/2023,,2.0,0.45,
STU0281,24 Oct 2023,1.0,2.0,79%,
STU0281,07 Nov 2023,2.0,2.0,58%,
STU0281,14 Nov 2023,3.0,3.0,,
STU0281,11/21/2023,1.0,3.0,,
STU0281,"November 28, 2023",2.0,2.0,81%,family emergency
STU0281,2023-12-05,3.0,2.0,0.93,
STU0281,12 Dec 2023,0.0,,,
STU0281,2023-12-19,1.0,3.0,,
STU0281,12-26-2023,0.0,,44%,
STU0281,"January 02, 2024",,2.0,,excused
STU0281,01/16/2024,0.0,3.0,,
STU0071,"September 05, 2023",0.0,2.0,52%,
STU0071,09-12-2023,1.0,2.0,,
STU0071,"September 19, 2023",0.0,,0.59,excused
STU0071,09/26/2023,0.0,3.0,48%,
STU0071,"October 03, 2023",0.0,2.0,,unexcused
STU0071,2023-10-10,1.0,3.0,64%,
STU0071,2023-10-17,0.0,3.0,,
STU0071,10/24/2023,0.0,,98%,
STU0071,10/31/2023,,3.0,0.6,family emergency
STU0071,2023-11-07,1.0,3.0,,
STU0071,"November 14, 2023",2.0,3.0,0.99,
STU0071,11-21-2023,3.0,3.0,72%,
STU0071,28 Nov 2023,1.0,2.0,0.62,
STU0071,2023-12-05,2.0,,92%,family emergency
STU0071,"December 12, 2023",3.0,2.0,80%,
STU0071,2023-12-19,3.0,,,
STU0071,12/26/2023,1.0,2.0,0.73,
STU0071,01/02/2024,2.0,,,
STU0071,01/09/2024,2.0,2.0,,
STU0071,16 Jan 2024,1.0,2.0,99%,
STU0273,05 Sep 2023,0.0,3.0,,
STU0273,"September 12, 2023",2.0,3.0,0.45,
STU0273,09-19-2023,2.0,3.0,,
STU0273,"September 26, 2023",,2.0,,
STU0273,"October 03, 2023",0.0,2.0,,unexcused
STU0273,"October 10, 2023",0.0,3.0,98%,
STU0273,2023-10-17,2.0,2.0,,
STU0273,"October 24, 2023",,2.0,66%,family emergency
STU0273,2023-10-31,0.0,2.0,54%,
STU0273,2023-11-07,1.0,2.0,86%,
STU0273,11-14-2023,2.0,3.0,0.51,
STU0273,11-21-2023,1.0,2.0,,excused
STU0273,28 Nov 2023,0.0,3.0,0.57,
STU0273,12/05/2023,2.0,,1.0,
STU0273,12-12-2023,2.0,2.0,0.59,
STU0273,"December 26, 2023",3.0,2.0,0.46,
STU0273,02 Jan 2024,1.0,3.0,97%,
STU0273,2024-01-09,3.0,2.0,0.85,
STU0052,09-05-2023,0.0,2.0,0.8,
STU0052,09/12/2023,3.0,2.0,0.4,
STU0052,19 Sep 2023,1.0,3.0,,
STU0052,"September 26, 2023",,3.0,0.77,sick
STU0052,10/03/2023,1.0,2.0,69%,
STU0052,10 Oct 2023,2.0,3.0,,sick
STU0052,"October 17, 2023",0.0,3.0,,
STU0052,24 Oct 2023,0.0,2.0,81%,
STU0052,2023-11-07,1.0,2.0,,
STU0052,14 Nov 2023,3.0,2.0,0.52,
STU0052,21 Nov 2023,2.0,3.0,0.95,
STU0052,2023-11-28,0.0,2.0,0.6,
STU0052,12/05/2023,0.0,3.0,,
STU0052,12 Dec 2023,,2.0,,sick
STU0052,12/19/2023,,3.0,64%,
STU0052,26 Dec 2023,1.0,,51%,
STU0052,01/02/2024,3.0,3.0,88%,
STU0052,01-09-2024,3.0,3.0,85%,
STU0052,01-16-2024,0.0,2.0,,
STU0026,05 Sep 2023,1.0,3.0,0.51,
STU0026,09/12/2023,2.0,3.0,0.44,
STU0026,09/26/2023,2.0,3.0,,
STU0026,03 Oct 2023,3.0,2.0,,
STU0026,"October 10, 2023",,3.0,0.9,
STU0026,10/17/2023,0.0,3.0,65%,
STU0026,24 Oct 2023,1.0,3.0,,excused
STU0026,"October 31, 2023",2.0,3.0,,
STU0026,"November 07, 2023",,2.0,78%,
STU0026,14 Nov 2023,0.0,3.0,,
STU0026,11-21-2023,,2.0,0.77,
STU0026,2023-11-28,,3.0,,
STU0026,2023-12-05,1.0,2.0,,
STU0026,"December 12, 2023",,2.0,,
STU0026,19 Dec 2023,2.0,2.0,0.77,
STU0026,26 Dec 2023,0.0,3.0,,family emergency
STU0026,02 Jan 2024,1.0,2.0,73%,
STU0026,"January 09, 2024",3.0,3.0,,
STU0266,09-05-2023,0.0,2.0,,
STU0266,09/12/2023,2.0,2.0,,
STU0266,2023-09-19,3.0,3.0,83%,sick
STU0266,26 Sep 2023,,,0.87,
STU0266,03 Oct 2023,1.0,2.0,0.89,unexcused
STU0266,10-10-2023,,,0.73,
STU0266,17 Oct 2023,1.0,2.0,,unexcused
STU0266,24 Oct 2023,3.0,2.0,0.86,
STU0266,31 Oct 2023,,,,unexcused
STU0266,11/07/2023,2.0,3.0,43%,family emergency
STU0266,14 Nov 2023,,3.0,,
STU0266,11-21-2023,3.0,3.0,,
STU0266,11-28-2023,,3.0,93%,
STU0266,12/05/2023,3.0,2.0,44%,
STU0266,12-12-2023,2.0,2.0,61%,
STU0266,12-19-2023,0.0,,0.64,
STU0266,12-26-2023,1.0,3.0,,
STU0266,"January 02, 2024",1.0,2.0,76%,excused
STU0266,"January 09, 2024",3.0,3.0,,
STU0266,16 Jan 2024,1.0,3.0,0.49,
STU0168,"September 05, 2023",1.0,3.0,0.57,
STU0168,"September 12, 2023",3.0,2.0,0.85,
STU0168,09-19-2023,1.0,3.0,0.64,
STU0168,09/26/2023,2.0,2.0,0.83,excused
STU0168,"October 24, 2023",,3.0,91%,
STU0168,10/31/2023,2.0,,,
STU0168,11/07/2023,0.0,2.0,0.65,
STU0168,2023-11-14,0.0,2.0,44%,
STU0168,11-21-2023,3.0,3.0,,
STU0168,11/28/2023,0.0,3.0,,
STU0168,2023-12-05,2.0,3.0,,
STU0168,12 Dec 2023,3.0,2.0,0.69,
STU0168,12/19/2023,3.0,,,
STU0168,26 Dec 2023,3.0,2.0,,family emergency
STU0168,01/02/2024,0.0,2.0,0.74,
STU0168,09 Jan 2024,2.0,3.0,0.41,sick
STU0168,01-16-2024,0.0,3.0,97%,
STU0148,09/05/2023,2.0,3.0,0.72,
STU0148,09-19-2023,,2.0,0.76,
STU0148,09-26-2023,3.0,2.0,,excused
STU0148,2023-10-03,0.0,3.0,0.42,
STU0148,10-10-2023,1.0,2.0,0.51,
STU0148,2023-10-17,0.0,3.0,48%,
STU0148,10-24-2023,3.0,3.0,0.84,
STU0148,2023-10-31,2.0,3.0,98%,
STU0148,11/07/2023,2.0,3.0,,
STU0148,"November 14, 2023",3.0,2.0,0.92,
STU0148,11-21-2023,3.0,3.0,65%,
STU0148,28 Nov 2023,3.0,,78%,
STU0148,"December 05, 2023",1.0,3.0,86%,
STU0148,12-12-2023,0.0,3.0,0.44,
STU0148,2023-12-19,0.0,3.0,0.99,
STU0148,26 Dec 2023,1.0,3.0,,
STU0148,2024-01-02,0.0,3.0,0.61,
STU0148,2024-01-16,1.0,2.0,,
STU0121,09/05/2023,1.0,3.0,,
STU0121,09-12-2023,1.0,2.0,,
STU0121,09-19-2023,0.0,3.0,,
STU0121,09-26-2023,3.0,2.0,45%,
STU0121,10/03/2023,3.0,3.0,0.51,
STU0121,2023-10-10,1.0,3.0,,
STU0121,2023-10-17,1.0,2.0,,
STU0121,2023-10-24,3.0,2.0,0.66,
STU0121,2023-11-07,2.0,3.0,0.89,unexcused
STU0121,14 Nov 2023,3.0,2.0,53%,
STU0121,2023-11-21,2.0,2.0,0.79,
STU0121,11/28/2023,1.0,,70%,
STU0121,"December 05, 2023",,3.0,,
STU0121,12-12-2023,1.0,3.0,0.88,
STU0121,19 Dec 2023,0.0,2.0,,
STU0121,26 Dec 2023,2.0,3.0,,
STU0121,01/09/2024,1.0,2.0,90%,
STU0121,2024-01-16,0.0,3.0,58%,
STU0097,09-05-2023,,3.0,,
STU0097,09/12/2023,3.0,2.0,,
STU0097,19 Sep 2023,3.0,2.0,0.87,
STU0097,26 Sep 2023,2.0,2.0,55%,
STU0097,"October 03, 2023",1.0,,0.85,
STU0097,10/10/2023,,2.0,0.73,
STU0097,2023-10-17,3.0,3.0,,
STU0097,24 Oct 2023,1.0,2.0,85%,
STU0097,11-14-2023,0.0,3.0,0.67,sick
STU0097,"November 28, 2023",,2.0,0.72,
STU0097,12-05-2023,2.0,3.0,79%,family emergency
STU0097,12 Dec 2023,3.0,2.0,0.84,
STU0097,12/19/2023,3.0,3.0,65%,
STU0097,12-26-2023,2.0,,,sick
STU0097,01/09/2024,2.0,2.0,96%,
STU0097,01-16-2024,,3.0,0.46,
STU0075,09/05/2023,0.0,3.0,,
STU0075,"September 12, 2023",3.0,3.0,,
STU0075,09/19/2023,3.0,2.0,0.54,
STU0075,09/26/2023,0.0,2.0,,
STU0075,03 Oct 2023,1.0,2.0,0.5,
STU0075,17 Oct 2023,3.0,3.0,,
STU0075,"October 24, 2023",3.0,3.0,,
STU0075,31 Oct 2023,2.0,3.0,,
STU0075,11-07-2023,3.0,2.0,0.52,sick
STU0075,11/14/2023,,3.0,,
STU0075,"November 21, 2023",0.0,2.0,,
STU0075,11-28-2023,1.0,,0.53,excused
STU0075,05 Dec 2023,2.0,2.0,,
STU0075,12-12-2023,2.0,3.0,0.61,
STU0075,12/19/2023,3.0,2.0,98%,
STU0075,2023-12-26,1.0,2.0,97%,family emergency
STU0075,2024-01-02,1.0,3.0,74%,
STU0075,01/09/2024,2.0,2.0,,
STU0075,01-16-2024,0.0,3.0,,
STU0110,2023-09-05,1.0,3.0,52%,
STU0110,2023-09-12,1.0,3.0,41%,
STU0110,09-19-2023,0.0,2.0,0.79,
STU0110,09/26/2023,0.0,2.0,60%,excused
STU0110,10-03-2023,2.0,3.0,94%,
STU0110,10/10/2023,,3.0,,
STU0110,10-17-2023,3.0,2.0,46%,
STU0110,2023-10-24,1.0,3.0,59%,
STU0110,11/07/2023,3.0,,64%,unexcused
STU0110,11/14/2023,0.0,2.0,64%,
STU0110,"November 21, 2023",2.0,,0.55,
STU0110,2023-11-28,1.0,3.0,0.79,
STU0110,12/05/2023,2.0,2.0,,
STU0110,2023-12-12,3.0,3.0,89%,
STU0110,12/19/2023,3.0,2.0,68%,
STU0110,"December 26, 2023",2.0,3.0,,
STU0110,01-02-2024,1.0,2.0,0.68,excused
STU0110,2024-01-09,0.0,3.0,100%,sick
STU0110,"January 16, 2024",3.0,3.0,,
STU0024,2023-09-05,3.0,2.0,,unexcused
STU0024,12 Sep 2023,0.0,3.0,,
STU0024,19 Sep 2023,0.0,3.0,,
STU0024,09-26-2023,3.0,,99%,
STU0024,03 Oct 2023,1.0,,87%,
STU0024,"October 10, 2023",1.0,3.0,0.98,
STU0024,17 Oct 2023,3.0,3.0,0.58,
STU0024,10/24/2023,3.0,2.0,72%,
STU0024,14 Nov 2023,3.0,2.0,0.77,
STU0024,11/21/2023,3.0,3.0,53%,
STU0024,28 Nov 2023,1.0,3.0,,family emergency
STU0024,12/05/2023,0.0,2.0,,
STU0024,12 Dec 2023,1.0,3.0,69%,
STU0024,19 Dec 2023,1.0,3.0,,
STU0024,26 Dec 2023,2.0,3.0,0.81,
STU0024,01-02-2024,1.0,3.0,0.93,
STU0024,"January 09, 2024",3.0,3.0,95%,
STU0024,01-16-2024,1.0,2.0,,
STU0057,"September 19, 2023",2.0,3.0,0.61,sick
STU0057,"September 26, 2023",2.0,3.0,0.61,unexcused
STU0057,2023-10-03,0.0,2.0,,excused
STU0057,"October 10, 2023",2.0,,,
STU0057,2023-10-17,0.0,3.0,68%,
STU0057,24 Oct 2023,3.0,3.0,,
STU0057,31 Oct 2023,1.0,2.0,63%,
STU0057,2023-11-14,2.0,2.0,,
STU0057,2023-11-21,2.0,3.0,0.77,
STU0057,11/28/2023,0.0,,0.69,
STU0057,"December 05, 2023",2.0,3.0,0.58,
STU0057,12/12/2023,1.0,3.0,,
STU0057,19 Dec 2023,2.0,3.0,0.46,
STU0057,12/26/2023,2.0,2.0,66%,
STU0057,"January 02, 2024",2.0,2.0,,excused
STU0057,2024-01-09,1.0,3.0,0.88,sick
STU0057,"January 16, 2024",1.0,2.0,,
STU0105,09/05/2023,0.0,3.0,0.48,
STU0105,09-12-2023,3.0,2.0,,
STU0105,09/19/2023,3.0,,,
STU0105,09-26-2023,2.0,2.0,,
STU0105,"October 03, 2023",0.0,2.0,,
STU0105,10-10-2023,2.0,3.0,,
STU0105,"October 17, 2023",0.0,3.0,,
STU0105,2023-10-24,3.0,3.0,,
STU0105,10/31/2023,2.0,2.0,,
STU0105,07 Nov 2023,2.0,3.0,,family emergency
STU0105,11-21-2023,3.0,2.0,,
STU0105,11-28-2023,3.0,2.0,0.67,
STU0105,05 Dec 2023,2.0,3.0,,
STU0105,12-12-2023,2.0,2.0,,unexcused
STU0105,19 Dec 2023,0.0,2.0,0.42,family emergency
STU0105,26 Dec 2023,2.0,3.0,0.76,
STU0105,"January 02, 2024",2.0,3.0,64%,
STU0105,"January 09, 2024",3.0,3.0,,
STU0105,01/16/2024,3.0,2.0,0.48,excused
STU0144,09/05/2023,,3.0,82%,excused
STU0144,09/12/2023,0.0,2.0,,sick
STU0144,"September 19, 2023",2.0,2.0,0.89,
STU0144,09/26/2023,2.0,3.0,,
STU0144,03 Oct 2023,0.0,3.0,,family emergency
STU0144,10/10/2023,1.0,2.0,0.5,excused
STU0144,10/17/2023,1.0,,72%,
STU0144,24 Oct 2023,3.0,3.0,65%,
STU0144,10-31-2023,2.0,3.0,,
STU0144,11-07-2023,1.0,3.0,0.83,excused
STU0144,"November 14, 2023",3.0,2.0,,
STU0144,11-21-2023,1.0,3.0,89%,
STU0144,28 Nov 2023,3.0,3.0,0.83,
STU0144,12/05/2023,0.0,3.0,,
STU0144,12-12-2023,1.0,3.0,53%,
STU0144,"December 19, 2023",0.0,3.0,,
STU0144,12/26/2023,2.0,2.0,54%,sick
STU0144,02 Jan 2024,,3.0,0.56,
STU0144,"January 09, 2024",3.0,3.0,,
STU0144,01/16/2024,3.0,3.0,,
STU0072,05 Sep 2023,1.0,3.0,45%,
STU0072,09/12/2023,1.0,3.0,,
STU0072,09/19/2023,2.0,3.0,,excused
STU0072,2023-09-26,0.0,2.0,0.62,
STU0072,10-03-2023,1.0,2.0,0.57,
STU0072,10-10-2023,3.0,3.0,,
STU0072,"October 17, 2023",2.0,2.0,89%,
STU0072,24 Oct 2023,1.0,2.0,0.56,
STU0072,10-31-2023,1.0,3.0,,
STU0072,11/07/2023,2.0,3.0,,
STU0072,11-14-2023,3.0,3.0,61%,
STU0072,21 Nov 2023,2.0,3.0,0.77,
STU0072,11-28-2023,0.0,3.0,93%,
STU0072,2023-12-05,1.0,3.0,52%,unexcused
STU0072,12-12-2023,,2.0,,
STU0072,19 Dec 2023,3.0,2.0,,sick
STU0072,12/26/2023,3.0,3.0,,
STU0072,2024-01-02,3.0,2.0,46%,
STU0072,01-09-2024,0.0,3.0,73%,
STU0072,2024-01-16,2.0,2.0,,
STU0124,09/05/2023,3.0,2.0,,
STU0124,"September 19, 2023",1.0,2.0,0.54,
STU0124,2023-09-26,3.0,3.0,0.78,
STU0124,"October 03, 2023",3.0,2.0,0.56,
STU0124,10/17/2023,2.0,3.0,49%,
STU0124,10/24/2023,3.0,3.0,,
STU0124,31 Oct 2023,,2.0,,
STU0124,11/07/2023,,2.0,,unexcused
STU0124,11-14-2023,3.0,3.0,80%,sick
STU0124,11-21-2023,2.0,,,
STU0124,28 Nov 2023,1.0,2.0,,
STU0124,12/05/2023,3.0,3.0,74%,
STU0124,12/12/2023,0.0,3.0,55%,excused
STU0124,19 Dec 2023,1.0,,70%,family emergency
STU0124,02 Jan 2024,3.0,2.0,,
STU0124,2024-01-09,3.0,2.0,,
STU0124,2024-01-16,3.0,,0.93,
STU0073,09-05-2023,3.0,2.0,42%,
STU0073,2023-09-12,3.0,3.0,,
STU0073,09/19/2023,2.0,2.0,,excused
STU0073,"September 26, 2023",0.0,2.0,40%,excused
STU0073,2023-10-03,1.0,3.0,0.87,
STU0073,"October 10, 2023",0.0,3.0,0.57,
STU0073,10-17-2023,1.0,3.0,,
STU0073,10-24-2023,0.0,3.0,,
STU0073,2023-10-31,,2.0,0.73,
STU0073,07 Nov 2023,0.0,3.0,0.92,
STU0073,2023-11-14,,3.0,,
STU0073,21 Nov 2023,0.0,3.0,,
STU0073,28 Nov 2023,,3.0,,
STU0073,12-05-2023,2.0,3.0,0.8,family emergency
STU0073,12-19-2023,3.0,3.0,71%,
STU0073,"January 02, 2024",0.0,3.0,,
STU0073,01-09-2024,1.0,3.0,97%,
STU0073,16 Jan 2024,,2.0,70%,
STU0180,09-05-2023,3.0,2.0,0.87,
STU0180,09-12-2023,0.0,2.0,83%,sick
STU0180,"September 26, 2023",1.0,,99%,
STU0180,03 Oct 2023,3.0,3.0,,
STU0180,10 Oct 2023,1.0,2.0,,
STU0180,10/17/2023,2.0,3.0,42%,
STU0180,10/24/2023,1.0,,,
STU0180,2023-11-07,3.0,3.0,40%,
STU0180,"November 14, 2023",3.0,2.0,72%,
STU0180,11-28-2023,2.0,3.0,100%,excused
STU0180,"December 05, 2023",0.0,3.0,,
STU0180,12-12-2023,1.0,2.0,100%,
STU0180,2023-12-19,,2.0,,
STU0180,12-26-2023,3.0,2.0,0.87,
STU0180,01/02/2024,3.0,2.0,,
STU0180,09 Jan 2024,3.0,2.0,0.54,
STU0137,2023-09-05,1.0,3.0,,unexcused
STU0137,2023-09-12,0.0,3.0,0.62,
STU0137,2023-09-19,0.0,3.0,69%,excused
STU0137,26 Sep 2023,3.0,2.0,,
STU0137,"October 03, 2023",1.0,3.0,0.7,
STU0137,2023-10-10,,2.0,0.6,
STU0137,"October 17, 2023",2.0,2.0,,
STU0137,24 Oct 2023,,2.0,0.74,
STU0137,10/31/2023,1.0,2.0,40%,unexcused
STU0137,"November 07, 2023",1.0,2.0,80%,
STU0137,"November 14, 2023",,2.0,69%,
STU0137,11-21-2023,1.0,3.0,,
STU0137,11/28/2023,0.0,3.0,,
STU0137,12-05-2023,2.0,3.0,95%,
STU0137,12 Dec 2023,2.0,3.0,94%,
STU0137,12/19/2023,0.0,2.0,,
STU0137,2023-12-26,0.0,,84%,
STU0137,01/02/2024,3.0,2.0,0.56,
STU0137,2024-01-09,2.0,2.0,49%,
STU0137,01/16/2024,3.0,2.0,61%,excused
STU0130,"September 05, 2023",2.0,2.0,,
STU0130,09/12/2023,2.0,3.0,0.69,unexcused
STU0130,26 Sep 2023,1.0,3.0,,
STU0130,"October 03, 2023",0.0,2.0,0.91,
STU0130,"October 10, 2023",3.0,3.0,,
STU0130,"October 17, 2023",3.0,2.0,63%,
STU0130,10/24/2023,3.0,3.0,,unexcused
STU0130,10/31/2023,3.0,2.0,,
STU0130,11/07/2023,2.0,,,
STU0130,11-14-2023,0.0,3.0,0.89,
STU0130,21 Nov 2023,0.0,2.0,,
STU0130,2023-11-28,2.0,2.0,,
STU0130,12/12/2023,2.0,2.0,0.54,
STU0130,12/19/2023,2.0,3.0,84%,sick
STU0130,"December 26, 2023",,3.0,0.59,
STU0130,"January 02, 2024",1.0,3.0,0.9,unexcused
STU0130,"January 16, 2024",2.0,3.0,0.48,
STU0063,2023-09-05,2.0,3.0,81%,family emergency
STU0063,09/12/2023,,2.0,,sick
STU0063,2023-09-19,0.0,2.0,,
STU0063,26 Sep 2023,0.0,2.0,72%,
STU0063,10-03-2023,3.0,2.0,,family emergency
STU0063,10/10/2023,3.0,,85%,excused
STU0063,2023-10-17,2.0,2.0,0.61,unexcused
STU0063,2023-10-24,,3.0,,
STU0063,10-31-2023,2.0,2.0,56%,
STU0063,"November 07, 2023",3.0,2.0,,
STU0063,11-21-2023,3.0,3.0,0.85,
STU0063,11/28/2023,0.0,2.0,62%,
STU0063,05 Dec 2023,3.0,2.0,,
STU0063,12 Dec 2023,0.0,3.0,0.41,
STU0063,12-19-2023,2.0,2.0,,
STU0063,"December 26, 2023",1.0,3.0,,
STU0063,2024-01-02,1.0,3.0,,
STU0063,01/09/2024,2.0,2.0,,
STU0063,01-16-2024,2.0,3.0,0.77,
STU0098,09/05/2023,2.0,3.0,0.43,
STU0098,2023-09-12,2.0,3.0,0.91,
STU0098,2023-09-19,,2.0,0.7,
STU0098,2023-10-03,1.0,2.0,89%,
STU0098,10/10/2023,,2.0,,
STU0098,10/17/2023,1.0,3.0,,unexcused
STU0098,24 Oct 2023,1.0,3.0,0.54,
STU0098,31 Oct 2023,0.0,2.0,,
STU0098,2023-11-07,0.0,2.0,,unexcused
STU0098,14 Nov 2023,1.0,2.0,0.45,
STU0098,"November 21, 2023",0.0,3.0,0.82,
STU0098,2023-11-28,2.0,2.0,,excused
STU0098,05 Dec 2023,0.0,3.0,0.44,sick
STU0098,12-12-2023,3.0,2.0,,
STU0098,12/19/2023,1.0,3.0,,
STU0098,12/26/2023,1.0,2.0,,
STU0098,2024-01-02,,2.0,0.89,
STU0098,16 Jan 2024,,,78%,
STU0005,09-05-2023,1.0,3.0,57%,
STU0005,"September 12, 2023",3.0,3.0,0.71,
STU0005,2023-09-19,3.0,2.0,0.67,
STU0005,09/26/2023,1.0,2.0,0.46,
STU0005,2023-10-03,0.0,2.0,,
STU0005,10 Oct 2023,2.0,2.0,,
STU0005,10/17/2023,1.0,2.0,0.81,
STU0005,2023-10-31,2.0,2.0,0.64,
STU0005,07 Nov 2023,3.0,3.0,59%,
STU0005,11/14/2023,1.0,3.0,,
STU0005,21 Nov 2023,3.0,3.0,55%,excused
STU0005,"November 28, 2023",3.0,2.0,,unexcused
STU0005,12/05/2023,0.0,2.0,,
STU0005,12-12-2023,2.0,3.0,,excused
STU0005,12-19-2023,2.0,2.0,0.54,excused
STU0005,26 Dec 2023,1.0,2.0,,
STU0005,2024-01-16,,3.0,,
STU0287,"September 05, 2023",0.0,2.0,,
STU0287,09-12-2023,3.0,2.0,,
STU0287,09/19/2023,,3.0,96%,
STU0287,09-26-2023,2.0,2.0,,
STU0287,2023-10-03,3.0,2.0,,unexcused
STU0287,10 Oct 2023,2.0,3.0,52%,
STU0287,17 Oct 2023,3.0,2.0,0.87,
STU0287,10-24-2023,1.0,2.0,65%,
STU0287,31 Oct 2023,2.0,3.0,51%,
STU0287,11-07-2023,2.0,2.0,,
STU0287,2023-11-14,0.0,2.0,,
STU0287,2023-11-21,2.0,3.0,0.8,
STU0287,28 Nov 2023,3.0,2.0,,
STU0287,12/05/2023,3.0,3.0,65%,
STU0287,12-12-2023,0.0,2.0,,
STU0287,19 Dec 2023,1.0,3.0,,
STU0287,26 Dec 2023,2.0,,,
STU0287,01-02-2024,3.0,3.0,50%,sick
STU0287,01/09/2024,0.0,2.0,,
STU0287,01-16-2024,1.0,2.0,,
STU0187,09/05/2023,0.0,3.0,62%,
STU0187,2023-09-12,0.0,2.0,70%,
STU0187,19 Sep 2023,3.0,2.0,,
STU0187,2023-09-26,0.0,,,sick
STU0187,10/03/2023,1.0,2.0,,
STU0187,"October 10, 2023",,2.0,,
STU0187,2023-10-17,3.0,2.0,,family emergency
STU0187,24 Oct 2023,3.0,3.0,0.58,
STU0187,2023-10-31,0.0,3.0,0.75,
STU0187,"November 07, 2023",,2.0,77%,
STU0187,11-14-2023,,2.0,79%,
STU0187,11/21/2023,0.0,2.0,0.62,
STU0187,2023-11-28,2.0,2.0,80%,sick
STU0187,12-05-2023,3.0,2.0,0.85,excused
STU0187,12-12-2023,1.0,3.0,51%,
STU0187,2023-12-19,,3.0,0.75,sick
STU0187,"December 26, 2023",0.0,,44%,
STU0187,01/02/2024,2.0,3.0,,
STU0187,01-09-2024,3.0,3.0,,unexcused
STU0187,"January 16, 2024",,3.0,49%,sick
STU0252,2023-09-05,,3.0,0.74,excused
STU0252,09/12/2023,,2.0,,
STU0252,2023-09-19,1.0,,71%,excused
STU0252,"September 26, 2023",3.0,2.0,99%,excused
STU0252,10/03/2023,1.0,3.0,83%,
STU0252,"October 10, 2023",3.0,2.0,0.86,
STU0252,"October 17, 2023",0.0,3.0,,
STU0252,10-24-2023,2.0,3.0,0.59,
STU0252,31 Oct 2023,1.0,3.0,89%,
STU0252,11-07-2023,1.0,2.0,,
STU0252,"November 14, 2023",3.0,3.0,,
STU0252,2023-11-21,3.0,3.0,,
STU0252,2023-11-28,3.0,,0.95,
STU0252,12/12/2023,3.0,2.0,72%,unexcused
STU0252,"December 19, 2023",2.0,3.0,,unexcused
STU0252,26 Dec 2023,2.0,3.0,85%,
STU0252,"January 02, 2024",0.0,2.0,44%,
STU0252,01-16-2024,2.0,3.0,,
STU0096,09-12-2023,2.0,3.0,,
STU0096,"September 19, 2023",0.0,2.0,0.84,
STU0096,2023-09-26,1.0,2.0,,
STU0096,03 Oct 2023,2.0,2.0,60%,
STU0096,10-10-2023,,3.0,,
STU0096,17 Oct 2023,1.0,2.0,0.89,
STU0096,"October 24, 2023",3.0,2.0,,
STU0096,11-07-2023,0.0,3.0,,
STU0096,2023-11-14,,2.0,,
STU0096,2023-11-21,3.0,2.0,,
STU0096,2023-11-28,1.0,3.0,0.77,
STU0096,12/05/2023,,2.0,,
STU0096,12 Dec 2023,0.0,3.0,96%,
STU0096,12/26/2023,0.0,2.0,43%,
STU0096,01-02-2024,1.0,3.0,76%,
STU0096,01-09-2024,3.0,3.0,51%,
STU0096,16 Jan 2024,3.0,,,
STU0196,2023-09-05,,3.0,0.49,excused
STU0196,09/12/2023,3.0,2.0,0.85,
STU0196,2023-09-19,,3.0,0.64,
STU0196,26 Sep 2023,3.0,3.0,,
STU0196,2023-10-03,1.0,3.0,55%,
STU0196,2023-10-10,0.0,2.0,,
STU0196,17 Oct 2023,0.0,3.0,,
STU0196,2023-10-24,3.0,2.0,,
STU0196,10/31/2023,2.0,2.0,,
STU0196,"November 14, 2023",,,,
STU0196,11/21/2023,,2.0,97%,
STU0196,28 Nov 2023,2.0,3.0,,
STU0196,"December 05, 2023",2.0,,0.45,
STU0196,12-12-2023,0.0,2.0,0.96,family emergency
STU0196,"December 19, 2023",3.0,2.0,0.94,
STU0196,26 Dec 2023,2.0,2.0,,
STU0196,"January 02, 2024",0.0,2.0,72%,
STU0196,01-09-2024,2.0,3.0,0.56,family emergency
STU0196,2024-01-16,0.0,2.0,,
STU0283,"September 05, 2023",2.0,,,
STU0283,12 Sep 2023,1.0,2.0,0.42,
STU0283,19 Sep 2023,,3.0,,family emergency
STU0283,2023-09-26,1.0,3.0,,
STU0283,10/10/2023,3.0,3.0,83%,
STU0283,17 Oct 2023,1.0,2.0,,
STU0283,24 Oct 2023,3.0,3.0,57%,family emergency
STU0283,10/31/2023,,2.0,0.75,
STU0283,07 Nov 2023,1.0,3.0,,family emergency
STU0283,2023-11-14,0.0,3.0,90%,
STU0283,11-21-2023,,2.0,,unexcused
STU0283,2023-11-28,,3.0,41%,
STU0283,12/05/2023,3.0,3.0,93%,unexcused
STU0283,12 Dec 2023,0.0,2.0,95%,excused
STU0283,2023-12-19,1.0,2.0,75%,excused
STU0283,12-26-2023,2.0,3.0,62%,
STU0283,01/02/2024,1.0,2.0,,
STU0283,01-09-2024,2.0,3.0,,
STU0183,09/05/2023,0.0,2.0,,
STU0183,09/12/2023,0.0,3.0,0.71,
STU0183,19 Sep 2023,2.0,2.0,,
STU0183,26 Sep 2023,1.0,3.0,40%,
STU0183,10-03-2023,2.0,3.0,0.5,
STU0183,2023-10-10,0.0,2.0,77%,unexcused
STU0183,10/17/2023,1.0,3.0,0.41,excused
STU0183,10-24-2023,2.0,3.0,,
STU0183,31 Oct 2023,0.0,2.0,0.98,
STU0183,11-07-2023,3.0,3.0,90%,
STU0183,"November 14, 2023",2.0,3.0,,excused
STU0183,"November 21, 2023",2.0,3.0,,
STU0183,11-28-2023,2.0,3.0,,
STU0183,2023-12-05,1.0,2.0,0.42,
STU0183,12 Dec 2023,1.0,2.0,43%,
STU0183,2023-12-26,0.0,2.0,0.57,
STU0183,02 Jan 2024,3.0,,64%,
STU0183,"January 09, 2024",2.0,3.0,76%,excused
STU0183,01/16/2024,3.0,2.0,63%,
STU0028,09/05/2023,2.0,3.0,100%,
STU0028,2023-09-12,3.0,2.0,,
STU0028,09-19-2023,,,48%,
STU0028,2023-09-26,1.0,2.0,0.84,excused
STU0028,10-03-2023,,2.0,1.0,
STU0028,2023-10-10,0.0,2.0,,
STU0028,"October 17, 2023",,2.0,,
STU0028,2023-10-24,1.0,2.0,,
STU0028,31 Oct 2023,1.0,3.0,0.45,
STU0028,2023-11-07,1.0,2.0,1.0,
STU0028,"November 14, 2023",0.0,2.0,59%,excused
STU0028,"November 21, 2023",0.0,2.0,,
STU0028,11/28/2023,1.0,3.0,,excused
STU0028,12/05/2023,0.0,3.0,,
STU0028,12/12/2023,2.0,3.0,0.66,
STU0028,2023-12-19,3.0,2.0,0.92,family emergency
STU0028,26 Dec 2023,0.0,3.0,0.7,
STU0028,01-02-2024,3.0,2.0,,
STU0028,09 Jan 2024,,3.0,93%,
STU0028,01/16/2024,1.0,,83%,excused
STU0116,2023-09-05,2.0,3.0,0.51,
STU0116,12 Sep 2023,2.0,2.0,55%,
STU0116,09/19/2023,1.0,3.0,,sick
STU0116,2023-09-26,1.0,2.0,0.97,
STU0116,10/03/2023,3.0,2.0,,
STU0116,2023-10-10,0.0,2.0,73%,
STU0116,10-17-2023,0.0,3.0,,
STU0116,24 Oct 2023,3.0,2.0,,
STU0116,2023-10-31,2.0,2.0,84%,
STU0116,2023-11-07,2.0,2.0,0.93,
STU0116,11-14-2023,2.0,3.0,0.61,
STU0116,11-21-2023,1.0,2.0,52%,
STU0116,11-28-2023,2.0,3.0,0.87,excused
STU0116,05 Dec 2023,1.0,2.0,,
STU0116,12 Dec 2023,1.0,2.0,0.79,sick
STU0116,2023-12-19,1.0,2.0,0.95,
STU0116,12-26-2023,0.0,3.0,87%,
STU0116,02 Jan 2024,2.0,3.0,0.47,
STU0116,09 Jan 2024,3.0,3.0,,
STU0116,16 Jan 2024,1.0,2.0,47%,
STU0058,2023-09-05,3.0,3.0,,
STU0058,2023-09-12,3.0,2.0,,family emergency
STU0058,2023-09-19,,2.0,0.98,
STU0058,26 Sep 2023,3.0,,,
STU0058,10-03-2023,1.0,2.0,,
STU0058,10 Oct 2023,2.0,3.0,,
STU0058,10-17-2023,3.0,,,
STU0058,31 Oct 2023,0.0,,40%,
STU0058,2023-11-07,2.0,3.0,0.83,
STU0058,14 Nov 2023,2.0,2.0,98%,
STU0058,"November 21, 2023",2.0,2.0,82%,
STU0058,28 Nov 2023,,3.0,0.93,
STU0058,2023-12-05,0.0,2.0,,
STU0058,2023-12-12,1.0,3.0,0.91,
STU0058,19 Dec 2023,2.0,2.0,0.86,
STU0058,"December 26, 2023",0.0,2.0,,
STU0058,02 Jan 2024,1.0,3.0,0.88,
STU0058,"January 09, 2024",1.0,3.0,68%,
STU0058,16 Jan 2024,2.0,3.0,0.64,
STU0233,"September 05, 2023",1.0,3.0,,
STU0233,09/12/2023,,3.0,0.64,
STU0233,09-19-2023,2.0,3.0,,excused
STU0233,09-26-2023,0.0,2.0,0.66,
STU0233,10-03-2023,0.0,2.0,,sick
STU0233,10 Oct 2023,3.0,2.0,0.7,
STU0233,17 Oct 2023,1.0,2.0,0.94,
STU0233,10/24/2023,,2.0,,
STU0233,10-31-2023,1.0,3.0,,
STU0233,11/07/2023,0.0,2.0,,
STU0233,2023-11-14,2.0,,,
STU0233,21 Nov 2023,3.0,3.0,62%,
STU0233,"November 28, 2023",1.0,2.0,,
STU0233,"December 05, 2023",3.0,3.0,,
STU0233,12/12/2023,3.0,3.0,0.81,
STU0233,"December 26, 2023",2.0,3.0,0.88,
STU0233,02 Jan 2024,3.0,3.0,,
STU0233,01-09-2024,3.0,3.0,0.45,
STU0233,16 Jan 2024,3.0,2.0,0.74,
STU0286,05 Sep 2023,1.0,3.0,0.95,
STU0286,09-12-2023,3.0,3.0,72%,
STU0286,2023-09-19,1.0,3.0,0.63,
STU0286,26 Sep 2023,1.0,2.0,,
STU0286,03 Oct 2023,,2.0,40%,
STU0286,2023-10-10,3.0,2.0,88%,
STU0286,10/17/2023,3.0,3.0,70%,
STU0286,24 Oct 2023,0.0,3.0,,
STU0286,31 Oct 2023,1.0,3.0,59%,
STU0286,"November 07, 2023",3.0,2.0,,
STU0286,21 Nov 2023,2.0,2.0,91%,
STU0286,"November 28, 2023",1.0,3.0,,
STU0286,2023-12-05,3.0,,,
STU0286,"December 12, 2023",1.0,2.0,62%,
STU0286,12/19/2023,0.0,,,
STU0286,12-26-2023,3.0,3.0,0.94,
STU0286,02 Jan 2024,0.0,2.0,,unexcused
STU0286,09 Jan 2024,2.0,3.0,0.83,
STU0286,01-16-2024,0.0,2.0,,
STU0299,"September 12, 2023",2.0,2.0,77%,
STU0299,2023-09-19,,3.0,,
STU0299,2023-09-26,2.0,2.0,,
STU0299,"October 03, 2023",1.0,3.0,,
STU0299,10/17/2023,1.0,,0.95,
STU0299,10/24/2023,,2.0,0.61,
STU0299,11/07/2023,3.0,2.0,,
STU0299,"November 14, 2023",0.0,,0.95,
STU0299,2023-11-28,3.0,3.0,,
STU0299,2023-12-05,0.0,2.0,0.83,
STU0299,12/12/2023,0.0,3.0,89%,
STU0299,12/19/2023,0.0,3.0,,excused
STU0299,26 Dec 2023,0.0,3.0,,
STU0299,2024-01-02,1.0,2.0,0.64,
STU0299,09 Jan 2024,0.0,2.0,,
STU0299,"January 16, 2024",2.0,,,
STU0198,"September 05, 2023",0.0,2.0,61%,
STU0198,"September 12, 2023",2.0,2.0,0.48,
STU0198,26 Sep 2023,3.0,2.0,,
STU0198,2023-10-03,2.0,2.0,,
STU0198,10-10-2023,3.0,3.0,,
STU0198,2023-10-17,0.0,3.0,,
STU0198,10-24-2023,3.0,3.0,65%,family emergency
STU0198,10-31-2023,0.0,3.0,,
STU0198,11/07/2023,2.0,3.0,,
STU0198,2023-11-14,3.0,3.0,,sick
STU0198,11-21-2023,1.0,2.0,,
STU0198,11-28-2023,1.0,2.0,,unexcused
STU0198,12-05-2023,1.0,3.0,44%,
STU0198,12/12/2023,2.0,2.0,96%,
STU0198,2023-12-19,,2.0,0.72,
STU0198,"December 26, 2023",0.0,2.0,76%,
STU0198,02 Jan 2024,3.0,3.0,58%,
STU0198,"January 09, 2024",1.0,3.0,59%,
STU0198,2024-01-16,0.0,2.0,55%,
STU0060,"September 05, 2023",3.0,3.0,64%,
STU0060,12 Sep 2023,2.0,,,
STU0060,09/19/2023,3.0,,0.87,
STU0060,2023-10-03,2.0,3.0,0.78,
STU0060,10/10/2023,3.0,3.0,0.59,
STU0060,2023-10-17,0.0,3.0,96%,
STU0060,"October 24, 2023",,2.0,,
STU0060,10-31-2023,2.0,3.0,,
STU0060,11/14/2023,0.0,2.0,69%,
STU0060,11-21-2023,0.0,2.0,0.5,
STU0060,2023-12-05,2.0,2.0,,
STU0060,12 Dec 2023,2.0,3.0,54%,
STU0060,26 Dec 2023,1.0,2.0,,
STU0060,01/02/2024,3.0,2.0,,sick
STU0060,01/09/2024,1.0,3.0,77%,
STU0060,16 Jan 2024,,3.0,0.99,
STU0115,09-05-2023,2.0,,59%,unexcused
STU0115,2023-09-12,3.0,3.0,,
STU0115,19 Sep 2023,2.0,,,sick
STU0115,09-26-2023,2.0,2.0,0.85,
STU0115,10-03-2023,3.0,3.0,70%,
STU0115,2023-10-10,1.0,,0.55,unexcused
STU0115,2023-10-17,2.0,3.0,,family emergency
STU0115,2023-10-24,,2.0,,
STU0115,31 Oct 2023,2.0,2.0,,excused
STU0115,07 Nov 2023,0.0,3.0,56%,
STU0115,"November 14, 2023",0.0,3.0,41%,
STU0115,21 Nov 2023,3.0,2.0,0.64,
STU0115,11/28/2023,0.0,3.0,50%,
STU0115,12-05-2023,2.0,3.0,96%,
STU0115,"December 12, 2023",0.0,3.0,0.52,
STU0115,19 Dec 2023,2.0,3.0,,
STU0115,"December 26, 2023",3.0,3.0,,unexcused
STU0115,02 Jan 2024,2.0,,49%,
STU0115,01-09-2024,3.0,3.0,,
STU0115,01-16-2024,3.0,3.0,0.78,family emergency
STU0095,2023-09-05,1.0,3.0,,
STU0095,"September 12, 2023",3.0,2.0,0.56,
STU0095,2023-09-19,3.0,3.0,,
STU0095,"September 26, 2023",0.0,3.0,,
STU0095,2023-10-03,,2.0,,
STU0095,10/17/2023,3.0,2.0,77%,sick
STU0095,24 Oct 2023,2.0,3.0,0.85,unexcused
STU0095,"October 31, 2023",3.0,3.0,,
STU0095,11/07/2023,3.0,3.0,,
STU0095,"November 14, 2023",3.0,3.0,0.52,
STU0095,21 Nov 2023,2.0,3.0,0.53,
STU0095,11/28/2023,,,73%,
STU0095,"December 05, 2023",0.0,2.0,0.83,
STU0095,12 Dec 2023,2.0,3.0,0.46,
STU0095,19 Dec 2023,0.0,2.0,,family emergency
STU0095,2023-12-26,3.0,,,
STU0095,"January 02, 2024",1.0,2.0,62%,
STU0095,2024-01-09,2.0,2.0,0.71,
STU0095,01/16/2024,3.0,3.0,67%,sick
STU0123,09-05-2023,2.0,2.0,97%,
STU0123,09/12/2023,0.0,3.0,92%,
STU0123,09/26/2023,1.0,2.0,,
STU0123,10/10/2023,1.0,3.0,0.98,
STU0123,10-17-2023,0.0,3.0,0.5,
STU0123,"October 24, 2023",,3.0,,excused
STU0123,31 Oct 2023,1.0,2.0,,unexcused
STU0123,11-14-2023,2.0,2.0,88%,
STU0123,11/21/2023,2.0,3.0,0.6,
STU0123,11/28/2023,1.0,3.0,0.75,unexcused
STU0123,05 Dec 2023,3.0,2.0,,
STU0123,"December 12, 2023",2.0,3.0,,excused
STU0123,"December 19, 2023",2.0,2.0,0.91,
STU0123,12-26-2023,0.0,,,sick
STU0123,01/02/2024,2.0,2.0,0.7,
STU0123,09 Jan 2024,3.0,3.0,51%,
STU0123,16 Jan 2024,1.0,2.0,0.68,
STU0276,09-05-2023,2.0,3.0,69%,
STU0276,"September 12, 2023",2.0,,0.6,excused
STU0276,19 Sep 2023,3.0,2.0,0.47,
STU0276,2023-09-26,2.0,2.0,46%,
STU0276,10-10-2023,2.0,3.0,61%,unexcused
STU0276,"October 17, 2023",1.0,3.0,66%,
STU0276,2023-10-24,2.0,,0.65,
STU0276,10-31-2023,3.0,,,
STU0276,"November 07, 2023",1.0,,,
STU0276,2023-11-14,0.0,2.0,0.46,
STU0276,11/28/2023,1.0,3.0,0.75,
STU0276,"December 05, 2023",1.0,2.0,73%,
STU0276,12 Dec 2023,3.0,2.0,0.56,
STU0276,2023-12-19,1.0,3.0,,
STU0276,"January 02, 2024",1.0,2.0,67%,
STU0276,2024-01-09,3.0,3.0,59%,
STU0276,01-16-2024,3.0,2.0,85%,
STU0208,09-05-2023,1.0,,,
STU0208,09-12-2023,3.0,2.0,0.47,
STU0208,09/19/2023,2.0,3.0,54%,family emergency
STU0208,2023-09-26,3.0,2.0,98%,
STU0208,10/03/2023,0.0,3.0,91%,
STU0208,10-10-2023,3.0,,,
STU0208,17 Oct 2023,2.0,3.0,0.65,
STU0208,24 Oct 2023,2.0,3.0,43%,
STU0208,31 Oct 2023,0.0,,,
STU0208,2023-11-07,2.0,2.0,,
STU0208,11/14/2023,1.0,3.0,0.65,
STU0208,11-21-2023,1.0,,,excused
STU0208,2023-11-28,2.0,2.0,,
STU0208,12-05-2023,0.0,2.0,,excused
STU0208,12/12/2023,2.0,,,
STU0208,2023-12-19,,,,
STU0208,12/26/2023,,3.0,42%,
STU0208,2024-01-02,1.0,3.0,0.91,excused
STU0208,01-09-2024,0.0,2.0,0.6,unexcused
STU0208,16 Jan 2024,3.0,2.0,0.59,sick
STU0165,05 Sep 2023,,2.0,0.97,
STU0165,12 Sep 2023,3.0,2.0,0.98,unexcused
STU0165,2023-09-19,2.0,3.0,45%,excused
STU0165,09/26/2023,1.0,,,
STU0165,10-03-2023,0.0,2.0,,sick
STU0165,2023-10-10,,2.0,,
STU0165,10-17-2023,3.0,3.0,,
STU0165,10-24-2023,1.0,,,
STU0165,11-07-2023,1.0,2.0,,
STU0165,"November 14, 2023",2.0,2.0,0.76,
STU0165,"November 21, 2023",,2.0,86%,
STU0165,"November 28, 2023",1.0,2.0,96%,
STU0165,12-05-2023,,3.0,58%,
STU0165,12-12-2023,,3.0,,
STU0165,19 Dec 2023,2.0,2.0,0.75,unexcused
STU0165,26 Dec 2023,0.0,3.0,,
STU0165,02 Jan 2024,0.0,2.0,,
STU0165,01/09/2024,3.0,2.0,,
STU0165,16 Jan 2024,,3.0,,
STU0247,"September 05, 2023",3.0,2.0,80%,
STU0247,2023-09-12,1.0,3.0,0.94,unexcused
STU0247,"September 19, 2023",3.0,2.0,0.43,
STU0247,"September 26, 2023",3.0,2.0,,
STU0247,10-03-2023,3.0,2.0,,
STU0247,"October 10, 2023",1.0,3.0,0.51,
STU0247,10-17-2023,3.0,2.0,,family emergency
STU0247,10/24/2023,2.0,2.0,,
STU0247,"October 31, 2023",1.0,3.0,93%,
STU0247,11-07-2023,3.0,,,
STU0247,2023-11-14,3.0,2.0,0.48,
STU0247,2023-11-21,1.0,3.0,68%,
STU0247,28 Nov 2023,3.0,2.0,0.52,
STU0247,12-05-2023,1.0,,0.6,unexcused
STU0247,2023-12-12,2.0,2.0,63%,
STU0247,12/19/2023,1.0,3.0,90%,
STU0247,26 Dec 2023,2.0,3.0,,
STU0247,"January 02, 2024",3.0,2.0,0.9,
STU0247,2024-01-09,3.0,2.0,,
STU0247,01/16/2024,2.0,,0.59,
STU0086,2023-09-05,3.0,2.0,100%,
STU0086,09/12/2023,0.0,3.0,,
STU0086,2023-09-19,3.0,2.0,0.55,family emergency
STU0086,"September 26, 2023",2.0,3.0,0.43,unexcused
STU0086,2023-10-03,0.0,,0.51,
STU0086,10/10/2023,1.0,2.0,,
STU0086,2023-10-17,2.0,2.0,65%,
STU0086,"October 24, 2023",0.0,3.0,0.93,
STU0086,31 Oct 2023,1.0,3.0,0.88,
STU0086,2023-11-07,2.0,3.0,0.57,unexcused
STU0086,14 Nov 2023,1.0,3.0,0.65,unexcused
STU0086,2023-11-28,,3.0,,
STU0086,"December 05, 2023",0.0,2.0,0.96,
STU0086,"December 12, 2023",0.0,3.0,0.82,
STU0086,2023-12-19,0.0,2.0,0.71,
STU0086,12/26/2023,1.0,3.0,,
STU0086,02 Jan 2024,1.0,3.0,,
STU0086,01-09-2024,1.0,3.0,68%,sick
STU0086,01/16/2024,3.0,3.0,0.95,
STU0037,05 Sep 2023,,3.0,,unexcused
STU0037,09-12-2023,,3.0,91%,
STU0037,09-19-2023,2.0,3.0,,
STU0037,26 Sep 2023,1.0,3.0,0.53,unexcused
STU0037,10/03/2023,3.0,2.0,81%,family emergency
STU0037,2023-10-10,2.0,2.0,,
STU0037,10/17/2023,0.0,3.0,0.76,
STU0037,2023-10-24,,3.0,40%,excused
STU0037,10-31-2023,2.0,3.0,,
STU0037,2023-11-14,2.0,,,
STU0037,11-21-2023,2.0,2.0,0.89,
STU0037,"November 28, 2023",3.0,,,
STU0037,12/05/2023,3.0,3.0,94%,
STU0037,12/12/2023,1.0,2.0,,family emergency
STU0037,12/19/2023,1.0,2.0,,
STU0037,12-26-2023,2.0,3.0,0.97,family emergency
STU0037,02 Jan 2024,1.0,3.0,45%,
STU0037,2024-01-09,3.0,,89%,
STU0037,2024-01-16,0.0,2.0,85%,sick
STU0162,2023-09-05,,2.0,,
STU0162,12 Sep 2023,0.0,3.0,0.78,
STU0162,19 Sep 2023,0.0,2.0,81%,
STU0162,09-26-2023,,3.0,0.92,
STU0162,10/10/2023,0.0,3.0,,
STU0162,10/17/2023,1.0,3.0,,
STU0162,2023-10-24,3.0,3.0,68%,
STU0162,2023-10-31,1.0,2.0,79%,
STU0162,11/07/2023,0.0,2.0,,
STU0162,14 Nov 2023,1.0,2.0,82%,
STU0162,2023-11-21,2.0,3.0,,
STU0162,28 Nov 2023,,3.0,0.76,
STU0162,12-05-2023,0.0,2.0,,excused
STU0162,2023-12-12,2.0,3.0,62%,sick
STU0162,12-19-2023,2.0,2.0,,
STU0162,"December 26, 2023",1.0,2.0,0.88,family emergency
STU0162,2024-01-02,,3.0,0.98,
STU0162,09 Jan 2024,0.0,,,
STU0162,"January 16, 2024",3.0,3.0,89%,
STU0278,"September 05, 2023",3.0,2.0,72%,
STU0278,12 Sep 2023,0.0,3.0,,
STU0278,"September 19, 2023",3.0,3.0,0.89,
STU0278,"September 26, 2023",0.0,3.0,,
STU0278,10-03-2023,,,,family emergency
STU0278,10/10/2023,,3.0,,
STU0278,2023-10-17,,2.0,69%,
STU0278,24 Oct 2023,,3.0,,
STU0278,10-31-2023,0.0,2.0,,
STU0278,07 Nov 2023,,2.0,,
STU0278,14 Nov 2023,1.0,3.0,0.74,
STU0278,2023-11-21,2.0,3.0,,sick
STU0278,11/28/2023,3.0,3.0,0.49,
STU0278,12-05-2023,2.0,2.0,,unexcused
STU0278,12/12/2023,2.0,2.0,41%,family emergency
STU0278,"December 19, 2023",3.0,3.0,0.87,sick
STU0278,26 Dec 2023,3.0,3.0,,
STU0278,09 Jan 2024,1.0,3.0,69%,
STU0278,"January 16, 2024",2.0,3.0,,excused
STU0025,05 Sep 2023,1.0,3.0,,excused
STU0025,"September 19, 2023",1.0,3.0,49%,
STU0025,2023-09-26,3.0,2.0,0.86,
STU0025,"October 03, 2023",2.0,3.0,,
STU0025,2023-10-10,3.0,3.0,61%,
STU0025,10-17-2023,3.0,2.0,0.84,
STU0025,10/24/2023,3.0,2.0,83%,
STU0025,31 Oct 2023,1.0,2.0,,
STU0025,14 Nov 2023,2.0,,,excused
STU0025,11/21/2023,1.0,,,
STU0025,"November 28, 2023",1.0,3.0,0.88,
STU0025,12/05/2023,3.0,2.0,,
STU0025,2023-12-19,,,0.66,
STU0025,"December 26, 2023",3.0,3.0,0.96,
STU0025,01/02/2024,0.0,3.0,,
STU0025,"January 09, 2024",,2.0,,
STU0025,01-16-2024,0.0,,,
STU0225,2023-09-05,1.0,,,
STU0225,09/12/2023,0.0,3.0,,family emergency
STU0225,09/19/2023,0.0,3.0,63%,
STU0225,"September 26, 2023",0.0,2.0,44%,unexcused
STU0225,2023-10-03,1.0,2.0,67%,
STU0225,10-10-2023,2.0,2.0,46%,
STU0225,10/17/2023,1.0,3.0,,
STU0225,10-24-2023,,2.0,82%,
STU0225,31 Oct 2023,,3.0,,
STU0225,07 Nov 2023,3.0,2.0,,
STU0225,11-14-2023,2.0,2.0,,
STU0225,21 Nov 2023,2.0,3.0,,
STU0225,2023-11-28,1.0,2.0,87%,
STU0225,12-05-2023,1.0,3.0,,
STU0225,2023-12-12,3.0,2.0,,excused
STU0225,12/19/2023,1.0,2.0,0.87,family emergency
STU0225,12/26/2023,,3.0,76%,
STU0225,01-02-2024,1.0,3.0,,sick
STU0225,01/09/2024,3.0,2.0,,unexcused
STU0225,01/16/2024,1.0,3.0,,
STU0264,05 Sep 2023,0.0,2.0,,sick
STU0264,12 Sep 2023,0.0,3.0,,sick
STU0264,19 Sep 2023,,3.0,69%,excused
STU0264,26 Sep 2023,2.0,3.0,72%,
STU0264,03 Oct 2023,,2.0,,excused
STU0264,"October 10, 2023",3.0,2.0,0.81,
STU0264,"October 17, 2023",1.0,,0.82,
STU0264,"October 31, 2023",2.0,3.0,0.95,
STU0264,07 Nov 2023,3.0,3.0,0.73,
STU0264,11-14-2023,2.0,3.0,82%,family emergency
STU0264,21 Nov 2023,3.0,3.0,,
STU0264,11/28/2023,3.0,3.0,0.44,
STU0264,12/05/2023,3.0,3.0,,
STU0264,2023-12-12,3.0,2.0,,
STU0264,2023-12-19,0.0,3.0,0.65,
STU0264,12-26-2023,,2.0,0.51,excused
STU0264,2024-01-02,2.0,3.0,60%,
STU0264,01-09-2024,1.0,2.0,,
STU0264,"January 16, 2024",1.0,3.0,,
STU0054,09-05-2023,2.0,3.0,0.66,unexcused
STU0054,"September 12, 2023",2.0,3.0,,sick
STU0054,2023-09-19,0.0,2.0,0.95,family emergency
STU0054,26 Sep 2023,3.0,2.0,,
STU0054,10-03-2023,0.0,3.0,,
STU0054,10/10/2023,3.0,2.0,,unexcused
STU0054,17 Oct 2023,,2.0,,
STU0054,24 Oct 2023,1.0,3.0,0.51,
STU0054,10/31/2023,1.0,,,
STU0054,2023-11-07,,2.0,,
STU0054,11/14/2023,0.0,3.0,,
STU0054,"November 21, 2023",1.0,2.0,,
STU0054,11/28/2023,2.0,3.0,,
STU0054,12/05/2023,2.0,2.0,95%,
STU0054,12-12-2023,2.0,2.0,0.67,
STU0054,19 Dec 2023,0.0,3.0,,unexcused
STU0054,12/26/2023,2.0,2.0,0.98,
STU0054,01/02/2024,1.0,3.0,,
STU0054,01-09-2024,3.0,2.0,0.9,
STU0054,2024-01-16,0.0,3.0,84%,
STU0126,09/05/2023,0.0,2.0,0.8,
STU0126,09-12-2023,,3.0,0.51,
STU0126,"September 19, 2023",3.0,3.0,,
STU0126,26 Sep 2023,3.0,2.0,,family emergency
STU0126,03 Oct 2023,,2.0,,
STU0126,10/17/2023,2.0,3.0,68%,
STU0126,10/24/2023,2.0,2.0,,unexcused
STU0126,10-31-2023,3.0,3.0,61%,
STU0126,11-07-2023,3.0,2.0,,
STU0126,11-14-2023,2.0,3.0,,unexcused
STU0126,11-21-2023,1.0,3.0,,
STU0126,11/28/2023,,3.0,,
STU0126,12/05/2023,3.0,2.0,99%,
STU0126,2023-12-12,0.0,3.0,,
STU0126,12-19-2023,1.0,2.0,,
STU0126,26 Dec 2023,1.0,2.0,,
STU0126,"January 09, 2024",1.0,3.0,,
STU0126,16 Jan 2024,3.0,3.0,54%,
STU0152,09-05-2023,1.0,2.0,,
STU0152,12 Sep 2023,1.0,2.0,0.74,
STU0152,09/19/2023,3.0,3.0,,
STU0152,2023-09-26,2.0,2.0,,
STU0152,10-03-2023,0.0,3.0,,family emergency
STU0152,"October 10, 2023",3.0,3.0,50%,
STU0152,2023-10-17,1.0,,,
STU0152,2023-10-24,1.0,2.0,,
STU0152,31 Oct 2023,0.0,2.0,0.7,
STU0152,11/14/2023,1.0,,72%,
STU0152,2023-11-21,2.0,2.0,92%,
STU0152,"December 05, 2023",,,,
STU0152,12/12/2023,2.0,,,
STU0152,2023-12-26,0.0,3.0,0.91,unexcused
STU0152,"January 02, 2024",1.0,2.0,,
STU0152,01-09-2024,3.0,2.0,,
STU0152,"January 16, 2024",1.0,,,excused
STU0269,09/05/2023,2.0,2.0,47%,
STU0269,09/12/2023,1.0,2.0,87%,
STU0269,2023-09-19,,,,
STU0269,09/26/2023,3.0,,65%,excused
STU0269,03 Oct 2023,3.0,2.0,,sick
STU0269,10/10/2023,0.0,2.0,,
STU0269,10-17-2023,0.0,,,
STU0269,10-24-2023,0.0,3.0,99%,unexcused
STU0269,31 Oct 2023,3.0,2.0,0.74,
STU0269,11-07-2023,0.0,2.0,0.83,
STU0269,"November 14, 2023",3.0,2.0,,
STU0269,2023-11-21,,2.0,52%,excused
STU0269,11-28-2023,0.0,2.0,83%,sick
STU0269,2023-12-05,0.0,3.0,91%,
STU0269,2023-12-12,1.0,3.0,,
STU0269,12/19/2023,0.0,,94%,
STU0269,26 Dec 2023,3.0,2.0,,
STU0269,2024-01-09,3.0,,95%,
STU0269,01/16/2024,0.0,3.0,0.58,
STU0190,09/05/2023,0.0,3.0,,
STU0190,09-12-2023,3.0,3.0,0.77,
STU0190,2023-09-19,1.0,,,
STU0190,"September 26, 2023",2.0,3.0,83%,
STU0190,03 Oct 2023,2.0,2.0,75%,
STU0190,10 Oct 2023,1.0,2.0,0.91,
STU0190,17 Oct 2023,3.0,3.0,,
STU0190,10-24-2023,1.0,3.0,,unexcused
STU0190,31 Oct 2023,0.0,3.0,,
STU0190,11-07-2023,,2.0,76%,
STU0190,11/14/2023,0.0,3.0,59%,excused
STU0190,2023-11-28,3.0,3.0,,
STU0190,05 Dec 2023,1.0,2.0,,
STU0190,2023-12-12,2.0,,47%,
STU0190,12-19-2023,3.0,2.0,43%,
STU0190,12/26/2023,,2.0,0.64,
STU0190,02 Jan 2024,1.0,2.0,98%,
STU0190,"January 09, 2024",,2.0,80%,family emergency
STU0190,01/16/2024,0.0,3.0,42%,
STU0292,05 Sep 2023,0.0,,,
STU0292,2023-09-19,1.0,3.0,,
STU0292,2023-09-26,,3.0,,
STU0292,"October 03, 2023",3.0,3.0,0.56,
STU0292,10/10/2023,2.0,3.0,,
STU0292,"October 17, 2023",2.0,3.0,78%,
STU0292,10/24/2023,3.0,2.0,60%,
STU0292,"October 31, 2023",1.0,,,
STU0292,"November 07, 2023",0.0,3.0,0.54,family emergency
STU0292,"November 14, 2023",2.0,3.0,,
STU0292,21 Nov 2023,,3.0,,
STU0292,11/28/2023,3.0,3.0,0.72,
STU0292,"December 12, 2023",1.0,3.0,,family emergency
STU0292,12-19-2023,0.0,3.0,89%,
STU0292,"December 26, 2023",2.0,2.0,100%,
STU0292,02 Jan 2024,,3.0,0.86,
STU0292,"January 09, 2024",2.0,3.0,,
STU0292,"January 16, 2024",0.0,2.0,,
STU0104,"September 05, 2023",0.0,3.0,60%,unexcused
STU0104,2023-09-12,1.0,3.0,,
STU0104,09/19/2023,0.0,3.0,0.64,
STU0104,26 Sep 2023,3.0,2.0,97%,
STU0104,2023-10-03,,2.0,,
STU0104,10/10/2023,0.0,3.0,81%,
STU0104,10/17/2023,0.0,,,
STU0104,31 Oct 2023,3.0,3.0,69%,
STU0104,07 Nov 2023,2.0,3.0,53%,
STU0104,11-14-2023,1.0,,,
STU0104,2023-11-21,1.0,2.0,0.97,
STU0104,"November 28, 2023",2.0,2.0,0.49,
STU0104,2023-12-05,2.0,2.0,,
STU0104,12 Dec 2023,2.0,2.0,48%,
STU0104,2023-12-26,3.0,3.0,0.61,
STU0104,"January 02, 2024",1.0,2.0,74%,
STU0104,"January 09, 2024",2.0,3.0,86%,excused
STU0104,01-16-2024,2.0,3.0,59%,
STU0158,2023-09-05,0.0,3.0,,
STU0158,12 Sep 2023,0.0,3.0,,
STU0158,2023-09-19,1.0,2.0,0.97,
STU0158,2023-10-03,3.0,2.0,,
STU0158,2023-10-10,1.0,2.0,,family emergency
STU0158,10-17-2023,1.0,3.0,,unexcused
STU0158,24 Oct 2023,2.0,3.0,96%,
STU0158,31 Oct 2023,0.0,3.0,45%,
STU0158,"November 07, 2023",1.0,2.0,40%,
STU0158,2023-11-14,0.0,3.0,48%,
STU0158,"November 21, 2023",,,85%,family emergency
STU0158,"November 28, 2023",3.0,3.0,,family emergency
STU0158,05 Dec 2023,,2.0,0.43,
STU0158,"December 12, 2023",0.0,2.0,48%,
STU0158,2023-12-19,3.0,2.0,,
STU0158,2023-12-26,2.0,2.0,0.4,
STU0158,02 Jan 2024,1.0,3.0,,
STU0158,2024-01-09,2.0,2.0,,
STU0158,16 Jan 2024,2.0,3.0,,sick
STU0122,"September 05, 2023",,2.0,83%,
STU0122,"September 12, 2023",3.0,2.0,,
STU0122,09/19/2023,0.0,2.0,65%,
STU0122,"September 26, 2023",2.0,2.0,100%,
STU0122,03 Oct 2023,0.0,3.0,54%,
STU0122,2023-10-10,1.0,3.0,84%,
STU0122,"October 17, 2023",,,,
STU0122,24 Oct 2023,2.0,3.0,72%,
STU0122,"October 31, 2023",1.0,2.0,69%,
STU0122,2023-11-07,3.0,3.0,0.61,
STU0122,2023-11-14,2.0,2.0,76%,
STU0122,11-21-2023,2.0,3.0,0.45,
STU0122,11-28-2023,0.0,2.0,,sick
STU0122,"December 05, 2023",1.0,2.0,87%,
STU0122,2023-12-12,0.0,,41%,
STU0122,19 Dec 2023,0.0,3.0,,
STU0122,12/26/2023,1.0,2.0,,family emergency
STU0122,01/02/2024,3.0,2.0,58%,
STU0122,09 Jan 2024,0.0,2.0,60%,
STU0122,2024-01-16,2.0,3.0,65%,
STU0134,09-05-2023,2.0,3.0,0.54,
STU0134,2023-09-12,0.0,3.0,0.46,
STU0134,19 Sep 2023,0.0,3.0,0.58,
STU0134,26 Sep 2023,,2.0,0.8,
STU0134,03 Oct 2023,3.0,2.0,0.84,
STU0134,2023-10-10,,2.0,76%,
STU0134,2023-10-17,2.0,3.0,,excused
STU0134,2023-10-24,1.0,3.0,0.41,
STU0134,"October 31, 2023",3.0,2.0,0.54,
STU0134,07 Nov 2023,3.0,2.0,,sick
STU0134,11/14/2023,,2.0,,
STU0134,11/21/2023,0.0,2.0,,
STU0134,28 Nov 2023,0.0,3.0,,
STU0134,2023-12-05,1.0,,0.68,
STU0134,2023-12-12,1.0,2.0,0.92,
STU0134,2023-12-19,2.0,2.0,,
STU0134,"December 26, 2023",1.0,3.0,60%,
STU0134,01-02-2024,3.0,3.0,87%,
STU0134,09 Jan 2024,2.0,3.0,,
STU0134,"January 16, 2024",0.0,3.0,0.86,
STU0146,09/05/2023,,3.0,0.84,
STU0146,"September 12, 2023",0.0,2.0,,
STU0146,09-26-2023,,3.0,0.94,unexcused
STU0146,10/03/2023,2.0,3.0,0.86,sick
STU0146,10 Oct 2023,1.0,2.0,50%,
STU0146,2023-10-17,,3.0,,
STU0146,10-24-2023,3.0,2.0,,
STU0146,10-31-2023,3.0,3.0,,unexcused
STU0146,11/07/2023,1.0,,,
STU0146,21 Nov 2023,1.0,3.0,72%,
STU0146,"November 28, 2023",1.0,,0.86,
STU0146,12/05/2023,1.0,2.0,0.58,
STU0146,12 Dec 2023,2.0,3.0,85%,
STU0146,12-19-2023,0.0,2.0,74%,
STU0146,2023-12-26,1.0,2.0,,
STU0146,01/02/2024,3.0,3.0,75%,
STU0146,01/09/2024,0.0,2.0,0.64,sick
STU0146,01-16-2024,0.0,3.0,,
STU0246,2023-09-05,0.0,2.0,0.66,sick
STU0246,09-12-2023,0.0,3.0,94%,
STU0246,2023-09-19,0.0,,89%,
STU0246,2023-10-03,2.0,2.0,,
STU0246,10 Oct 2023,1.0,,,
STU0246,10/17/2023,1.0,3.0,,unexcused
STU0246,10-24-2023,2.0,2.0,0.88,
STU0246,10/31/2023,1.0,2.0,0.78,
STU0246,11-07-2023,1.0,2.0,45%,
STU0246,2023-11-14,1.0,2.0,,
STU0246,"November 21, 2023",0.0,,,family emergency
STU0246,2023-11-28,1.0,3.0,94%,family emergency
STU0246,12/05/2023,2.0,2.0,0.76,
STU0246,12/12/2023,3.0,3.0,,
STU0246,12/19/2023,3.0,3.0,77%,
STU0246,"December 26, 2023",0.0,2.0,0.78,
STU0246,"January 02, 2024",0.0,2.0,93%,
STU0246,01-09-2024,0.0,2.0,69%,
STU0246,01-16-2024,2.0,2.0,0.82,sick
STU0016,09-12-2023,2.0,3.0,,
STU0016,"September 19, 2023",3.0,2.0,,sick
STU0016,09-26-2023,0.0,2.0,,
STU0016,10/03/2023,,2.0,,
STU0016,10 Oct 2023,3.0,3.0,0.57,
STU0016,17 Oct 2023,0.0,2.0,0.79,
STU0016,"October 24, 2023",1.0,,88%,
STU0016,31 Oct 2023,0.0,3.0,75%,sick
STU0016,"November 14, 2023",3.0,3.0,86%,
STU0016,11-21-2023,0.0,3.0,59%,family emergency
STU0016,28 Nov 2023,3.0,,0.96,
STU0016,05 Dec 2023,0.0,2.0,83%,
STU0016,12/12/2023,0.0,2.0,,
STU0016,19 Dec 2023,0.0,3.0,,
STU0016,"December 26, 2023",3.0,2.0,91%,
STU0016,01/02/2024,0.0,3.0,,
STU0016,"January 09, 2024",0.0,,,
STU0016,01-16-2024,1.0,,53%,
STU0272,"September 05, 2023",3.0,2.0,,
STU0272,2023-09-12,2.0,,0.85,
STU0272,2023-09-19,0.0,3.0,,
STU0272,09/26/2023,2.0,3.0,87%,
STU0272,"October 03, 2023",1.0,,,unexcused
STU0272,10-10-2023,2.0,3.0,,
STU0272,17 Oct 2023,0.0,3.0,0.75,
STU0272,24 Oct 2023,3.0,3.0,,sick
STU0272,10-31-2023,0.0,2.0,0.97,unexcused
STU0272,07 Nov 2023,3.0,2.0,1.0,
STU0272,14 Nov 2023,0.0,2.0,66%,
STU0272,"November 21, 2023",0.0,2.0,,
STU0272,28 Nov 2023,0.0,3.0,,
STU0272,12-05-2023,3.0,3.0,92%,family emergency
STU0272,2023-12-12,1.0,2.0,,
STU0272,19 Dec 2023,0.0,2.0,,
STU0272,2023-12-26,3.0,3.0,0.59,
STU0272,2024-01-02,3.0,3.0,,
STU0272,01-09-2024,0.0,2.0,0.67,family emergency
STU0272,"January 16, 2024",3.0,3.0,,
STU0065,09-05-2023,,2.0,75%,
STU0065,09/12/2023,2.0,3.0,,unexcused
STU0065,19 Sep 2023,,2.0,0.61,
STU0065,09-26-2023,0.0,2.0,77%,
STU0065,10-03-2023,2.0,2.0,71%,
STU0065,2023-10-10,3.0,,84%,
STU0065,10-17-2023,,2.0,,
STU0065,"October 24, 2023",,3.0,100%,
STU0065,2023-10-31,1.0,2.0,0.96,
STU0065,"November 07, 2023",0.0,2.0,0.56,
STU0065,2023-11-21,0.0,2.0,,
STU0065,2023-11-28,1.0,2.0,,unexcused
STU0065,12-12-2023,3.0,3.0,0.49,
STU0065,12/19/2023,3.0,2.0,,
STU0065,12-26-2023,0.0,,0.75,
STU0065,01-02-2024,3.0,3.0,47%,family emergency
STU0065,2024-01-09,,3.0,,
STU0065,01-16-2024,,3.0,,unexcused
STU0106,09/05/2023,,2.0,75%,excused
STU0106,09/12/2023,2.0,3.0,0.59,
STU0106,09/19/2023,1.0,2.0,80%,
STU0106,09-26-2023,0.0,2.0,,
STU0106,10/03/2023,3.0,2.0,0.65,
STU0106,2023-10-10,1.0,3.0,,
STU0106,10/17/2023,,3.0,,
STU0106,10/24/2023,3.0,3.0,,excused
STU0106,10-31-2023,1.0,2.0,,
STU0106,07 Nov 2023,3.0,2.0,,
STU0106,2023-11-14,,2.0,72%,family emergency
STU0106,2023-11-21,0.0,3.0,79%,unexcused
STU0106,11-28-2023,1.0,2.0,0.96,sick
STU0106,05 Dec 2023,1.0,3.0,0.8,
STU0106,12-12-2023,,3.0,0.66,
STU0106,19 Dec 2023,3.0,3.0,,
STU0106,"December 26, 2023",1.0,3.0,96%,
STU0106,01/02/2024,2.0,2.0,60%,family emergency
STU0106,09 Jan 2024,2.0,3.0,0.72,
STU0106,16 Jan 2024,0.0,3.0,80%,
STU0268,2023-09-05,2.0,2.0,,
STU0268,"September 12, 2023",3.0,2.0,64%,
STU0268,19 Sep 2023,0.0,2.0,0.88,
STU0268,2023-09-26,2.0,3.0,0.76,
STU0268,2023-10-03,2.0,2.0,,
STU0268,2023-10-17,2.0,3.0,51%,
STU0268,10-24-2023,3.0,2.0,0.89,
STU0268,31 Oct 2023,1.0,2.0,98%,
STU0268,07 Nov 2023,2.0,3.0,,
STU0268,11-14-2023,3.0,2.0,,
STU0268,2023-11-28,1.0,2.0,,
STU0268,05 Dec 2023,3.0,3.0,82%,
STU0268,12/12/2023,2.0,3.0,0.7,
STU0268,12/19/2023,3.0,3.0,,
STU0268,12-26-2023,0.0,2.0,,
STU0268,02 Jan 2024,2.0,3.0,0.98,
STU0268,"January 09, 2024",1.0,,51%,
STU0268,2024-01-16,,3.0,,
STU0087,2023-09-05,0.0,2.0,72%,
STU0087,"September 19, 2023",,3.0,,
STU0087,09/26/2023,3.0,2.0,,
STU0087,03 Oct 2023,0.0,3.0,0.75,
STU0087,10 Oct 2023,0.0,2.0,0.96,
STU0087,2023-10-17,1.0,3.0,92%,
STU0087,"October 24, 2023",,3.0,,
STU0087,10-31-2023,0.0,3.0,70%,
STU0087,11/07/2023,1.0,3.0,,excused
STU0087,11/14/2023,0.0,2.0,,unexcused
STU0087,11/21/2023,3.0,,52%,
STU0087,11/28/2023,3.0,3.0,66%,
STU0087,"December 05, 2023",,2.0,75%,
STU0087,12-19-2023,3.0,3.0,,
STU0087,"January 09, 2024",3.0,3.0,,
STU0087,"January 16, 2024",3.0,3.0,88%,
STU0039,05 Sep 2023,2.0,3.0,,
STU0039,12 Sep 2023,1.0,2.0,71%,
STU0039,09-19-2023,0.0,,,
STU0039,"September 26, 2023",3.0,3.0,,unexcused
STU0039,2023-10-03,2.0,2.0,0.58,
STU0039,"October 10, 2023",2.0,3.0,83%,
STU0039,"October 17, 2023",2.0,3.0,,
STU0039,10/24/2023,2.0,3.0,,
STU0039,31 Oct 2023,3.0,2.0,,
STU0039,"November 07, 2023",1.0,2.0,0.42,
STU0039,11-14-2023,0.0,3.0,42%,
STU0039,11/21/2023,2.0,,0.48,excused
STU0039,11-28-2023,1.0,2.0,100%,
STU0039,12/12/2023,1.0,2.0,73%,
STU0039,"December 19, 2023",1.0,3.0,100%,
STU0039,"December 26, 2023",1.0,3.0,,
STU0039,2024-01-02,0.0,3.0,42%,
STU0039,2024-01-09,,3.0,0.83,
STU0039,01-16-2024,3.0,3.0,87%,
STU0010,09/05/2023,3.0,3.0,,excused
STU0010,09-12-2023,0.0,3.0,0.81,
STU0010,19 Sep 2023,1.0,2.0,42%,
STU0010,2023-09-26,3.0,3.0,0.87,
STU0010,2023-10-03,1.0,3.0,,
STU0010,"October 10, 2023",1.0,2.0,40%,
STU0010,10-17-2023,,3.0,95%,
STU0010,10/24/2023,1.0,3.0,99%,sick
STU0010,10-31-2023,3.0,3.0,,
STU0010,11/07/2023,2.0,,,
STU0010,2023-11-14,2.0,3.0,72%,
STU0010,2023-12-05,0.0,2.0,87%,
STU0010,19 Dec 2023,,3.0,0.98,excused
STU0010,12-26-2023,,3.0,,
STU0010,02 Jan 2024,0.0,3.0,0.87,
STU0010,"January 09, 2024",0.0,2.0,0.64,
STU0010,01-16-2024,2.0,2.0,0.71,sick
STU0245,09-05-2023,2.0,3.0,0.55,
STU0245,"September 12, 2023",0.0,3.0,0.5,
STU0245,19 Sep 2023,0.0,3.0,,excused
STU0245,"September 26, 2023",0.0,2.0,58%,
STU0245,2023-10-03,0.0,3.0,49%,
STU0245,10 Oct 2023,0.0,3.0,0.67,
STU0245,"October 17, 2023",2.0,,,
STU0245,10/24/2023,0.0,,97%,
STU0245,10-31-2023,,3.0,0.91,
STU0245,"November 07, 2023",1.0,3.0,,
STU0245,2023-11-14,1.0,3.0,72%,
STU0245,"November 21, 2023",1.0,3.0,0.84,
STU0245,28 Nov 2023,2.0,2.0,,
STU0245,12-05-2023,1.0,3.0,,family emergency
STU0245,12/12/2023,2.0,3.0,,unexcused
STU0245,12/19/2023,3.0,3.0,0.72,
STU0245,12/26/2023,0.0,,,
STU0245,02 Jan 2024,0.0,2.0,0.68,
STU0245,09 Jan 2024,3.0,3.0,0.88,sick
STU0245,16 Jan 2024,3.0,2.0,,
STU0197,05 Sep 2023,1.0,3.0,,excused
STU0197,12 Sep 2023,3.0,2.0,,
STU0197,2023-09-19,3.0,2.0,0.58,
STU0197,09-26-2023,0.0,2.0,0.57,
STU0197,"October 10, 2023",1.0,3.0,62%,
STU0197,"October 17, 2023",0.0,2.0,,
STU0197,2023-10-24,3.0,2.0,,
STU0197,10/31/2023,1.0,3.0,,
STU0197,07 Nov 2023,0.0,2.0,,
STU0197,14 Nov 2023,3.0,2.0,,
STU0197,11-21-2023,1.0,3.0,0.65,
STU0197,28 Nov 2023,,2.0,0.54,
STU0197,12/05/2023,0.0,2.0,0.97,
STU0197,2023-12-12,,2.0,71%,sick
STU0197,"December 19, 2023",,2.0,96%,
STU0197,12/26/2023,1.0,2.0,0.6,
STU0197,01-02-2024,3.0,3.0,,
STU0197,"January 09, 2024",,2.0,0.56,
STU0197,01-16-2024,2.0,3.0,98%,
STU0154,12 Sep 2023,3.0,2.0,,excused
STU0154,"September 19, 2023",0.0,2.0,,
STU0154,2023-09-26,2.0,2.0,0.81,excused
STU0154,10/03/2023,,,0.63,family emergency
STU0154,2023-10-10,,2.0,,
STU0154,"October 17, 2023",2.0,,,
STU0154,2023-10-31,0.0,3.0,0.66,unexcused
STU0154,11-07-2023,,3.0,0.51,
STU0154,"November 14, 2023",3.0,,,
STU0154,11-21-2023,3.0,,42%,
STU0154,28 Nov 2023,3.0,3.0,,
STU0154,"December 05, 2023",0.0,,,
STU0154,12/12/2023,2.0,3.0,66%,
STU0154,19 Dec 2023,,2.0,60%,
STU0154,26 Dec 2023,0.0,2.0,0.79,family emergency
STU0154,2024-01-02,,,0.8,
STU0154,2024-01-09,3.0,2.0,64%,
STU0226,09-05-2023,2.0,3.0,95%,unexcused
STU0226,09-19-2023,1.0,2.0,0.8,sick
STU0226,09-26-2023,3.0,2.0,0.85,
STU0226,10-03-2023,1.0,2.0,0.71,
STU0226,10-10-2023,1.0,3.0,94%,
STU0226,10/17/2023,0.0,3.0,0.59,
STU0226,10/24/2023,3.0,2.0,,
STU0226,2023-10-31,3.0,2.0,,family emergency
STU0226,"November 14, 2023",1.0,,80%,
STU0226,11/21/2023,2.0,3.0,,family emergency
STU0226,2023-11-28,3.0,3.0,,
STU0226,2023-12-05,2.0,2.0,0.45,
STU0226,12 Dec 2023,2.0,3.0,,
STU0226,"December 19, 2023",1.0,3.0,,unexcused
STU0226,12/26/2023,,,0.61,
STU0226,02 Jan 2024,1.0,2.0,,
STU0226,2024-01-09,1.0,2.0,0.75,unexcused
STU0226,01/16/2024,1.0,2.0,,
STU0002,09-05-2023,3.0,2.0,0.82,
STU0002,09/12/2023,1.0,3.0,0.69,
STU0002,09/19/2023,0.0,,97%,
STU0002,"September 26, 2023",2.0,2.0,0.8,
STU0002,2023-10-03,2.0,3.0,,
STU0002,10/10/2023,3.0,3.0,0.71,
STU0002,2023-10-24,1.0,2.0,,
STU0002,10-31-2023,0.0,3.0,73%,
STU0002,11/07/2023,1.0,2.0,0.73,sick
STU0002,14 Nov 2023,0.0,3.0,0.9,
STU0002,21 Nov 2023,1.0,2.0,47%,
STU0002,2023-11-28,0.0,2.0,,family emergency
STU0002,"December 05, 2023",1.0,2.0,81%,
STU0002,12/12/2023,,3.0,59%,
STU0002,2023-12-19,0.0,2.0,,unexcused
STU0002,2023-12-26,0.0,2.0,,
STU0002,"January 09, 2024",2.0,2.0,87%,excused
STU0002,01-16-2024,0.0,2.0,0.42,
STU0069,05 Sep 2023,1.0,,,excused
STU0069,"September 12, 2023",2.0,,,
STU0069,"September 26, 2023",0.0,2.0,,
STU0069,"October 03, 2023",1.0,2.0,,unexcused
STU0069,10-10-2023,3.0,3.0,57%,sick
STU0069,2023-10-17,3.0,2.0,,family emergency
STU0069,"October 24, 2023",0.0,3.0,,
STU0069,"October 31, 2023",0.0,3.0,,
STU0069,07 Nov 2023,2.0,3.0,,excused
STU0069,11-14-2023,,3.0,80%,sick
STU0069,21 Nov 2023,3.0,,0.87,
STU0069,"November 28, 2023",,,,
STU0069,2023-12-05,3.0,2.0,90%,
STU0069,2023-12-12,,,66%,
STU0069,12/19/2023,2.0,3.0,41%,
STU0069,12-26-2023,3.0,3.0,,
STU0069,2024-01-02,0.0,2.0,,
STU0069,"January 09, 2024",2.0,3.0,41%,excused
STU0069,16 Jan 2024,2.0,3.0,82%,
STU0186,09/05/2023,1.0,2.0,0.64,
STU0186,09-12-2023,2.0,3.0,,
STU0186,"September 19, 2023",1.0,2.0,0.91,
STU0186,09-26-2023,3.0,2.0,85%,excused
STU0186,10-03-2023,,2.0,,
STU0186,"October 10, 2023",1.0,3.0,72%,
STU0186,17 Oct 2023,3.0,3.0,76%,
STU0186,10-24-2023,1.0,2.0,0.67,
STU0186,31 Oct 2023,3.0,3.0,,unexcused
STU0186,11-07-2023,1.0,,77%,
STU0186,14 Nov 2023,2.0,2.0,,
STU0186,21 Nov 2023,,3.0,70%,
STU0186,28 Nov 2023,3.0,2.0,,
STU0186,12-05-2023,,3.0,63%,
STU0186,12-12-2023,2.0,3.0,,unexcused
STU0186,12/19/2023,0.0,,0.74,
STU0186,26 Dec 2023,1.0,2.0,,
STU0186,"January 02, 2024",2.0,2.0,,family emergency
STU0186,"January 09, 2024",0.0,2.0,96%,
STU0186,01-16-2024,1.0,,93%,
STU0188,05 Sep 2023,2.0,,1.0,
STU0188,"September 12, 2023",,3.0,,
STU0188,"September 19, 2023",3.0,3.0,43%,
STU0188,09-26-2023,0.0,3.0,,unexcused
STU0188,10-03-2023,0.0,2.0,80%,
STU0188,10/10/2023,2.0,,,family emergency
STU0188,10-17-2023,3.0,,0.45,
STU0188,2023-10-24,2.0,3.0,,
STU0188,10/31/2023,1.0,3.0,96%,
STU0188,07 Nov 2023,3.0,,,
STU0188,2023-11-14,3.0,2.0,100%,
STU0188,11/21/2023,2.0,3.0,,family emergency
STU0188,28 Nov 2023,1.0,3.0,,
STU0188,12-05-2023,3.0,3.0,0.45,
STU0188,"December 12, 2023",3.0,3.0,0.9,
STU0188,2023-12-19,,2.0,40%,
STU0188,12-26-2023,1.0,2.0,51%,
STU0188,02 Jan 2024,1.0,,0.75,
STU0188,01-09-2024,2.0,3.0,0.97,
STU0188,2024-01-16,3.0,,63%,family emergency
STU0185,12 Sep 2023,1.0,2.0,,
STU0185,09-19-2023,1.0,2.0,0.99,unexcused
STU0185,09-26-2023,0.0,,61%,
STU0185,10/03/2023,2.0,3.0,42%,
STU0185,2023-10-10,0.0,,0.94,
STU0185,"October 17, 2023",,2.0,,family emergency
STU0185,24 Oct 2023,0.0,3.0,,
STU0185,10/31/2023,1.0,3.0,96%,
STU0185,07 Nov 2023,2.0,2.0,,
STU0185,2023-11-14,,2.0,82%,
STU0185,21 Nov 2023,3.0,3.0,,sick
STU0185,11/28/2023,2.0,3.0,,sick
STU0185,12/12/2023,3.0,3.0,,
STU0185,12-19-2023,1.0,3.0,,
STU0185,"December 26, 2023",0.0,,97%,
STU0185,01/02/2024,3.0,2.0,47%,
STU0185,09 Jan 2024,,3.0,,
STU0185,16 Jan 2024,2.0,3.0,0.62,family emergency
STU0210,2023-09-05,3.0,2.0,0.76,
STU0210,09-12-2023,,,0.5,
STU0210,19 Sep 2023,3.0,3.0,,
STU0210,10-03-2023,2.0,3.0,,
STU0210,10 Oct 2023,,2.0,,
STU0210,2023-10-17,0.0,2.0,,
STU0210,10-24-2023,2.0,2.0,97%,family emergency
STU0210,"October 31, 2023",3.0,3.0,,
STU0210,07 Nov 2023,3.0,2.0,51%,
STU0210,2023-11-14,3.0,2.0,99%,
STU0210,2023-11-21,1.0,3.0,,
STU0210,11-28-2023,1.0,2.0,,
STU0210,05 Dec 2023,0.0,3.0,,
STU0210,"December 19, 2023",0.0,3.0,43%,
STU0210,2023-12-26,1.0,3.0,0.47,
STU0210,2024-01-02,0.0,3.0,0.6,
STU0210,01/09/2024,3.0,3.0,0.5,
STU0210,01-16-2024,1.0,,,
STU0215,2023-09-05,3.0,3.0,0.99,
STU0215,2023-09-12,,2.0,,
STU0215,2023-09-26,2.0,,0.66,
STU0215,10/03/2023,3.0,3.0,,
STU0215,10/10/2023,1.0,3.0,52%,
STU0215,2023-10-17,1.0,3.0,,
STU0215,24 Oct 2023,2.0,3.0,,
STU0215,10-31-2023,2.0,3.0,,excused
STU0215,11/07/2023,0.0,3.0,,
STU0215,11/14/2023,1.0,,0.74,
STU0215,21 Nov 2023,0.0,2.0,,
STU0215,2023-11-28,3.0,,60%,
STU0215,05 Dec 2023,0.0,3.0,,
STU0215,2023-12-12,,2.0,,
STU0215,12/19/2023,,3.0,,
STU0215,"December 26, 2023",,3.0,,
STU0215,02 Jan 2024,0.0,2.0,57%,
STU0215,09 Jan 2024,1.0,,90%,
STU0215,"January 16, 2024",0.0,3.0,74%,
STU0277,05 Sep 2023,0.0,3.0,52%,
STU0277,12 Sep 2023,1.0,,,
STU0277,09-19-2023,0.0,3.0,0.58,
STU0277,09/26/2023,3.0,3.0,,
STU0277,03 Oct 2023,0.0,2.0,,
STU0277,10/10/2023,0.0,2.0,,
STU0277,10-17-2023,2.0,2.0,0.73,
STU0277,24 Oct 2023,3.0,2.0,98%,
STU0277,2023-10-31,0.0,3.0,0.98,
STU0277,07 Nov 2023,2.0,3.0,0.8,
STU0277,11/14/2023,1.0,2.0,85%,
STU0277,2023-11-21,2.0,,,
STU0277,"November 28, 2023",1.0,2.0,,
STU0277,12-05-2023,3.0,3.0,,
STU0277,"December 12, 2023",0.0,3.0,,
STU0277,12/19/2023,,,49%,sick
STU0277,2023-12-26,,2.0,0.91,
STU0277,"January 02, 2024",2.0,3.0,0.55,
STU0277,01/09/2024,3.0,2.0,81%,
STU0277,"January 16, 2024",3.0,,,
STU0061,05 Sep 2023,,,82%,excused
STU0061,2023-09-12,1.0,,0.49,
STU0061,19 Sep 2023,2.0,3.0,48%,
STU0061,09/26/2023,2.0,3.0,,
STU0061,10-03-2023,1.0,3.0,,
STU0061,2023-10-10,2.0,3.0,,unexcused
STU0061,24 Oct 2023,2.0,2.0,,family emergency
STU0061,10-31-2023,1.0,2.0,83%,
STU0061,2023-11-07,2.0,3.0,,
STU0061,11/14/2023,1.0,,66%,
STU0061,28 Nov 2023,2.0,2.0,,
STU0061,"December 05, 2023",1.0,3.0,0.68,
STU0061,2023-12-12,2.0,3.0,,
STU0061,19 Dec 2023,2.0,2.0,53%,
STU0061,"December 26, 2023",0.0,,77%,
STU0061,"January 02, 2024",2.0,2.0,,
STU0061,2024-01-16,1.0,,45%,family emergency
STU0166,09/05/2023,3.0,,0.43,
STU0166,2023-09-12,3.0,3.0,0.51,
STU0166,09/19/2023,1.0,3.0,,sick
STU0166,10/03/2023,3.0,3.0,,
STU0166,10/10/2023,3.0,2.0,,
STU0166,10/17/2023,2.0,2.0,,
STU0166,2023-10-24,2.0,3.0,,family emergency
STU0166,10-31-2023,1.0,,,
STU0166,07 Nov 2023,2.0,2.0,46%,
STU0166,2023-11-14,0.0,2.0,,sick
STU0166,21 Nov 2023,0.0,3.0,0.48,
STU0166,28 Nov 2023,,2.0,71%,
STU0166,"December 05, 2023",1.0,3.0,0.91,
STU0166,12/12/2023,,3.0,0.56,unexcused
STU0166,"December 26, 2023",1.0,3.0,,
STU0166,01-02-2024,2.0,3.0,,
STU0166,01/09/2024,3.0,2.0,0.67,
STU0119,09-05-2023,0.0,2.0,0.79,
STU0119,09/12/2023,0.0,2.0,63%,
STU0119,19 Sep 2023,3.0,2.0,0.43,excused
STU0119,10-03-2023,2.0,3.0,81%,family emergency
STU0119,"October 10, 2023",3.0,,40%,
STU0119,10/17/2023,1.0,3.0,,
STU0119,2023-10-31,3.0,3.0,0.9,
STU0119,11-07-2023,1.0,2.0,,
STU0119,"November 14, 2023",,2.0,43%,
STU0119,21 Nov 2023,0.0,2.0,,
STU0119,11/28/2023,0.0,3.0,,
STU0119,05 Dec 2023,0.0,2.0,0.96,
STU0119,12 Dec 2023,3.0,2.0,,
STU0119,19 Dec 2023,1.0,3.0,,
STU0119,12-26-2023,2.0,3.0,0.61,
STU0119,2024-01-02,0.0,3.0,,unexcused
STU0119,01-09-2024,3.0,2.0,,
STU0119,01/16/2024,0.0,3.0,0.68,excused
STU0223,2023-09-05,,2.0,,
STU0223,09-12-2023,2.0,2.0,0.81,
STU0223,09/19/2023,3.0,2.0,,
STU0223,"September 26, 2023",,3.0,,
STU0223,03 Oct 2023,,3.0,,
STU0223,2023-10-10,0.0,3.0,0.57,
STU0223,"October 17, 2023",2.0,2.0,0.4,
STU0223,24 Oct 2023,0.0,3.0,,
STU0223,2023-10-31,2.0,3.0,,
STU0223,14 Nov 2023,1.0,2.0,88%,
STU0223,11-21-2023,1.0,2.0,,
STU0223,11/28/2023,0.0,,94%,
STU0223,12-05-2023,0.0,3.0,0.88,
STU0223,"December 19, 2023",3.0,3.0,0.5,
STU0223,12-26-2023,,2.0,,sick
STU0223,2024-01-02,3.0,2.0,85%,sick
STU0223,2024-01-09,2.0,2.0,,
STU0223,01-16-2024,3.0,2.0,41%,
STU0243,"September 05, 2023",3.0,,,
STU0243,09/12/2023,0.0,3.0,45%,
STU0243,2023-09-19,1.0,2.0,99%,sick
STU0243,"September 26, 2023",3.0,,,
STU0243,10-03-2023,1.0,2.0,0.82,
STU0243,10 Oct 2023,2.0,3.0,91%,
STU0243,10/17/2023,1.0,2.0,93%,
STU0243,24 Oct 2023,0.0,2.0,,
STU0243,10/31/2023,2.0,2.0,0.79,
STU0243,"November 14, 2023",,2.0,0.62,
STU0243,2023-11-21,2.0,3.0,0.79,
STU0243,11-28-2023,0.0,3.0,,
STU0243,"December 05, 2023",3.0,,0.94,
STU0243,12 Dec 2023,0.0,3.0,,
STU0243,12/19/2023,3.0,2.0,,family emergency
STU0243,"December 26, 2023",1.0,2.0,,
STU0243,01/02/2024,0.0,3.0,89%,
STU0243,"January 09, 2024",,3.0,,
STU0243,16 Jan 2024,2.0,3.0,0.4,
STU0143,2023-09-05,3.0,2.0,0.82,
STU0143,2023-09-12,2.0,,,
STU0143,19 Sep 2023,0.0,,,
STU0143,09/26/2023,,3.0,,
STU0143,2023-10-03,,2.0,44%,
STU0143,10 Oct 2023,0.0,3.0,,
STU0143,"October 17, 2023",0.0,2.0,0.93,
STU0143,24 Oct 2023,1.0,3.0,,
STU0143,2023-11-07,,2.0,65%,
STU0143,11/14/2023,2.0,3.0,52%,
STU0143,11/21/2023,0.0,3.0,100%,
STU0143,11-28-2023,0.0,2.0,0.58,
STU0143,12-05-2023,3.0,2.0,0.62,sick
STU0143,12-12-2023,2.0,3.0,,
STU0143,"December 19, 2023",0.0,,0.63,
STU0143,"January 02, 2024",0.0,,,
STU0143,09 Jan 2024,2.0,3.0,0.93,
STU0143,01-16-2024,1.0,3.0,,
STU0021,2023-09-05,1.0,3.0,0.97,
STU0021,09/12/2023,2.0,,,
STU0021,"September 19, 2023",3.0,3.0,,excused
STU0021,2023-09-26,1.0,2.0,62%,
STU0021,10/03/2023,3.0,3.0,,
STU0021,2023-10-10,0.0,3.0,0.67,
STU0021,17 Oct 2023,0.0,3.0,0.59,
STU0021,24 Oct 2023,3.0,2.0,62%,
STU0021,2023-10-31,3.0,3.0,75%,
STU0021,11/07/2023,1.0,3.0,,
STU0021,11-14-2023,3.0,2.0,100%,sick
STU0021,21 Nov 2023,3.0,3.0,,
STU0021,11-28-2023,1.0,2.0,,
STU0021,12/05/2023,2.0,2.0,0.72,
STU0021,"December 12, 2023",3.0,2.0,,
STU0021,"December 19, 2023",1.0,2.0,40%,excused
STU0021,2023-12-26,1.0,,80%,
STU0021,2024-01-02,0.0,,,
STU0021,01-09-2024,2.0,,0.66,
STU0021,16 Jan 2024,1.0,3.0,,
STU0027,09-05-2023,3.0,3.0,,unexcused
STU0027,12 Sep 2023,0.0,2.0,60%,
STU0027,09-19-2023,0.0,3.0,,
STU0027,"September 26, 2023",3.0,2.0,42%,
STU0027,2023-10-03,1.0,2.0,55%,
STU0027,2023-10-10,0.0,2.0,0.56,
STU0027,17 Oct 2023,1.0,,69%,
STU0027,24 Oct 2023,3.0,2.0,57%,family emergency
STU0027,10/31/2023,0.0,3.0,51%,
STU0027,"November 14, 2023",2.0,,82%,
STU0027,11-21-2023,,2.0,0.88,
STU0027,11/28/2023,2.0,3.0,0.51,
STU0027,2023-12-05,3.0,3.0,0.45,
STU0027,12/12/2023,1.0,2.0,,
STU0027,"December 19, 2023",1.0,2.0,71%,unexcused
STU0027,26 Dec 2023,0.0,2.0,,family emergency
STU0027,2024-01-02,0.0,2.0,,excused
STU0027,09 Jan 2024,,2.0,0.55,family emergency
STU0027,2024-01-16,1.0,3.0,50%,
STU0244,2023-09-05,2.0,2.0,0.65,
STU0244,09/12/2023,2.0,2.0,,unexcused
STU0244,"September 19, 2023",0.0,3.0,92%,
STU0244,09/26/2023,0.0,3.0,,family emergency
STU0244,10/03/2023,1.0,3.0,,
STU0244,2023-10-10,1.0,2.0,,
STU0244,10-17-2023,3.0,3.0,,
STU0244,10/31/2023,3.0,,0.65,
STU0244,11/07/2023,3.0,2.0,0.86,
STU0244,14 Nov 2023,3.0,2.0,93%,excused
STU0244,11-21-2023,1.0,3.0,73%,
STU0244,"November 28, 2023",1.0,2.0,,unexcused
STU0244,05 Dec 2023,0.0,3.0,62%,
STU0244,"December 12, 2023",1.0,2.0,0.86,family emergency
STU0244,12/19/2023,,2.0,,
STU0244,2023-12-26,3.0,,0.65,
STU0244,02 Jan 2024,1.0,2.0,,
STU0244,01-09-2024,1.0,,63%,
STU0244,01/16/2024,1.0,2.0,,
STU0020,09-05-2023,2.0,,0.74,family emergency
STU0020,2023-09-12,2.0,2.0,,
STU0020,19 Sep 2023,0.0,3.0,97%,
STU0020,09-26-2023,2.0,2.0,0.51,
STU0020,"October 03, 2023",1.0,3.0,,
STU0020,2023-10-10,3.0,2.0,0.57,unexcused
STU0020,10-17-2023,,3.0,55%,
STU0020,"October 24, 2023",1.0,3.0,,
STU0020,10-31-2023,2.0,2.0,61%,
STU0020,2023-11-07,3.0,3.0,52%,
STU0020,2023-11-14,,3.0,64%,
STU0020,11/21/2023,1.0,3.0,77%,sick
STU0020,2023-11-28,,3.0,0.8,
STU0020,12-05-2023,1.0,2.0,,
STU0020,12 Dec 2023,2.0,3.0,77%,
STU0020,19 Dec 2023,1.0,2.0,,
STU0020,"December 26, 2023",2.0,3.0,0.56,
STU0020,01-02-2024,1.0,,56%,
STU0020,2024-01-09,3.0,2.0,47%,
STU0020,"January 16, 2024",0.0,3.0,0.76,
STU0231,"September 05, 2023",3.0,2.0,0.68,
STU0231,"September 12, 2023",1.0,3.0,79%,sick
STU0231,09/19/2023,0.0,3.0,0.44,
STU0231,"September 26, 2023",,2.0,0.86,
STU0231,10/03/2023,3.0,3.0,65%,
STU0231,10-10-2023,1.0,3.0,92%,
STU0231,2023-10-17,3.0,2.0,0.79,
STU0231,"October 24, 2023",1.0,2.0,0.75,
STU0231,10-31-2023,3.0,3.0,,
STU0231,11-07-2023,1.0,2.0,47%,
STU0231,11/14/2023,3.0,3.0,0.46,
STU0231,11/21/2023,1.0,3.0,,
STU0231,28 Nov 2023,3.0,2.0,0.9,
STU0231,2023-12-12,0.0,,96%,
STU0231,12/19/2023,1.0,3.0,63%,
STU0231,2023-12-26,1.0,3.0,0.65,
STU0231,"January 09, 2024",1.0,2.0,92%,sick
STU0231,01/16/2024,2.0,3.0,82%,
STU0033,"September 05, 2023",0.0,2.0,,sick
STU0033,09-12-2023,0.0,3.0,,
STU0033,09/19/2023,,3.0,57%,
STU0033,2023-09-26,,3.0,80%,unexcused
STU0033,10-03-2023,2.0,2.0,56%,
STU0033,10-10-2023,,2.0,0.84,excused
STU0033,10/17/2023,0.0,3.0,0.75,
STU0033,10/24/2023,1.0,2.0,97%,
STU0033,31 Oct 2023,1.0,3.0,90%,
STU0033,11/07/2023,1.0,3.0,,
STU0033,14 Nov 2023,3.0,2.0,0.72,
STU0033,"November 21, 2023",1.0,,,
STU0033,"November 28, 2023",2.0,2.0,61%,
STU0033,05 Dec 2023,0.0,2.0,,
STU0033,2023-12-12,0.0,2.0,,family emergency
STU0033,2023-12-19,3.0,2.0,92%,
STU0033,"December 26, 2023",,3.0,,
STU0033,02 Jan 2024,0.0,2.0,0.51,family emergency
STU0033,2024-01-09,3.0,3.0,,
STU0033,16 Jan 2024,0.0,3.0,51%,
STU0004,2023-09-05,,,,
STU0004,09/12/2023,,3.0,64%,
STU0004,09-26-2023,1.0,,0.69,
STU0004,10-03-2023,,,67%,
STU0004,"October 10, 2023",,2.0,0.42,
STU0004,"October 17, 2023",0.0,2.0,89%,
STU0004,10-24-2023,2.0,3.0,,
STU0004,"October 31, 2023",2.0,2.0,,
STU0004,07 Nov 2023,2.0,3.0,,sick
STU0004,11/14/2023,0.0,,,family emergency
STU0004,11-21-2023,2.0,2.0,67%,excused
STU0004,11/28/2023,,3.0,,
STU0004,12/05/2023,3.0,2.0,0.73,
STU0004,2023-12-12,3.0,,0.86,
STU0004,26 Dec 2023,3.0,2.0,,
STU0004,02 Jan 2024,3.0,2.0,0.48,
STU0004,2024-01-09,,2.0,,family emergency
STU0004,2024-01-16,2.0,2.0,59%,
STU0042,09/05/2023,2.0,3.0,,family emergency
STU0042,09/12/2023,,,,family emergency
STU0042,2023-09-26,2.0,2.0,0.88,
STU0042,10/03/2023,1.0,3.0,,excused
STU0042,"October 10, 2023",2.0,2.0,,unexcused
STU0042,"October 17, 2023",0.0,2.0,,
STU0042,"October 24, 2023",0.0,2.0,0.53,
STU0042,31 Oct 2023,0.0,3.0,0.78,
STU0042,2023-11-07,3.0,,87%,
STU0042,11/14/2023,1.0,2.0,,
STU0042,2023-11-21,3.0,2.0,0.61,
STU0042,2023-11-28,1.0,2.0,,family emergency
STU0042,2023-12-05,2.0,3.0,56%,
STU0042,12-12-2023,3.0,3.0,0.6,
STU0042,19 Dec 2023,0.0,2.0,,
STU0042,2023-12-26,2.0,3.0,0.6,
STU0042,01-02-2024,0.0,,42%,
STU0042,"January 09, 2024",1.0,2.0,,family emergency
STU0042,01-16-2024,1.0,3.0,,
STU0177,"September 05, 2023",,2.0,0.87,
STU0177,"September 19, 2023",1.0,3.0,,
STU0177,09/26/2023,3.0,2.0,72%,
STU0177,03 Oct 2023,2.0,,,
STU0177,"October 10, 2023",0.0,3.0,88%,
STU0177,"October 17, 2023",1.0,3.0,80%,
STU0177,10/24/2023,3.0,2.0,,
STU0177,2023-10-31,,,52%,
STU0177,07 Nov 2023,1.0,,0.85,excused
STU0177,14 Nov 2023,1.0,2.0,,
STU0177,2023-11-28,0.0,2.0,0.48,
STU0177,12/05/2023,3.0,2.0,96%,
STU0177,"December 12, 2023",3.0,3.0,0.61,
STU0177,12-19-2023,2.0,2.0,56%,
STU0177,26 Dec 2023,0.0,2.0,75%,
STU0177,02 Jan 2024,0.0,2.0,,
STU0177,01/09/2024,0.0,2.0,,
STU0177,2024-01-16,3.0,3.0,,
STU0032,"September 05, 2023",1.0,3.0,41%,excused
STU0032,2023-09-12,2.0,,0.94,
STU0032,09-19-2023,1.0,2.0,,
STU0032,10-03-2023,3.0,,,
STU0032,10/10/2023,2.0,3.0,0.81,
STU0032,17 Oct 2023,3.0,3.0,,
STU0032,10-24-2023,3.0,3.0,,
STU0032,"October 31, 2023",0.0,2.0,,
STU0032,11-07-2023,0.0,3.0,0.48,
STU0032,14 Nov 2023,2.0,2.0,,
STU0032,21 Nov 2023,2.0,3.0,75%,
STU0032,28 Nov 2023,3.0,3.0,,
STU0032,12-12-2023,3.0,3.0,,
STU0032,"December 19, 2023",2.0,2.0,84%,
STU0032,12/26/2023,,3.0,0.91,
STU0032,02 Jan 2024,2.0,3.0,,
STU0032,01/09/2024,,3.0,,excused
STU0032,16 Jan 2024,3.0,3.0,0.89,
STU0043,09-12-2023,1.0,3.0,89%,
STU0043,19 Sep 2023,3.0,2.0,,
STU0043,26 Sep 2023,3.0,3.0,,
STU0043,2023-10-03,3.0,2.0,0.42,unexcused
STU0043,17 Oct 2023,,3.0,74%,
STU0043,2023-10-24,1.0,2.0,55%,excused
STU0043,10/31/2023,2.0,,,
STU0043,11/07/2023,2.0,2.0,62%,excused
STU0043,11/14/2023,3.0,2.0,,
STU0043,2023-11-21,1.0,3.0,0.94,
STU0043,28 Nov 2023,3.0,3.0,,
STU0043,05 Dec 2023,1.0,3.0,,
STU0043,12/12/2023,2.0,3.0,,
STU0043,2023-12-19,3.0,2.0,0.95,
STU0043,12-26-2023,1.0,2.0,61%,unexcused
STU0043,01-02-2024,2.0,,0.64,
STU0043,"January 09, 2024",1.0,2.0,0.43,
STU0043,01/16/2024,1.0,3.0,,
STU0051,"September 05, 2023",3.0,3.0,95%,family emergency
STU0051,09/12/2023,0.0,2.0,,
STU0051,09-19-2023,,,93%,
STU0051,2023-09-26,3.0,3.0,,
STU0051,10/03/2023,0.0,,,excused
STU0051,10 Oct 2023,0.0,2.0,0.55,excused
STU0051,10/17/2023,0.0,2.0,0.47,
STU0051,2023-10-24,,2.0,,
STU0051,10/31/2023,0.0,2.0,0.43,
STU0051,"November 07, 2023",1.0,2.0,93%,
STU0051,11/14/2023,2.0,2.0,0.69,
STU0051,21 Nov 2023,3.0,3.0,,
STU0051,28 Nov 2023,0.0,3.0,,unexcused
STU0051,12-05-2023,3.0,2.0,0.69,
STU0051,"December 12, 2023",3.0,3.0,,
STU0051,12/19/2023,1.0,2.0,,
STU0051,12-26-2023,1.0,2.0,1.0,excused
STU0051,01-02-2024,0.0,2.0,50%,
STU0051,01-09-2024,2.0,2.0,0.89,unexcused
STU0051,01-16-2024,0.0,2.0,0.77,
STU0113,09/05/2023,2.0,2.0,,sick
STU0113,"September 19, 2023",0.0,2.0,,
STU0113,09/26/2023,2.0,3.0,,
STU0113,2023-10-03,3.0,3.0,83%,
STU0113,"October 10, 2023",0.0,2.0,,
STU0113,10/17/2023,3.0,2.0,,
STU0113,2023-10-24,0.0,2.0,,
STU0113,07 Nov 2023,3.0,2.0,92%,
STU0113,14 Nov 2023,0.0,3.0,58%,
STU0113,11-21-2023,1.0,3.0,54%,
STU0113,11/28/2023,,2.0,,
STU0113,05 Dec 2023,1.0,2.0,0.94,excused
STU0113,12-12-2023,1.0,3.0,,
STU0113,19 Dec 2023,2.0,3.0,42%,
STU0113,2023-12-26,0.0,2.0,,
STU0113,01/02/2024,,3.0,0.75,
STU0113,2024-01-16,3.0,2.0,91%,unexcused
STU0030,"September 05, 2023",,3.0,,
STU0030,09/12/2023,,3.0,45%,
STU0030,19 Sep 2023,,3.0,0.89,
STU0030,2023-09-26,2.0,3.0,99%,
STU0030,10/03/2023,,3.0,85%,
STU0030,10/10/2023,2.0,,81%,
STU0030,17 Oct 2023,1.0,3.0,42%,
STU0030,2023-10-31,2.0,2.0,73%,excused
STU0030,"November 07, 2023",1.0,2.0,,
STU0030,11/14/2023,0.0,2.0,,
STU0030,11/21/2023,3.0,2.0,,
STU0030,11-28-2023,0.0,3.0,,
STU0030,12-12-2023,1.0,3.0,93%,
STU0030,12-19-2023,0.0,2.0,,
STU0030,26 Dec 2023,3.0,2.0,,
STU0030,01-02-2024,0.0,2.0,0.45,excused
STU0030,01/09/2024,0.0,2.0,,
STU0030,01/16/2024,2.0,2.0,0.91,
STU0167,"September 05, 2023",3.0,2.0,0.41,
STU0167,12 Sep 2023,3.0,2.0,73%,
STU0167,09-19-2023,0.0,3.0,,
STU0167,2023-10-10,0.0,2.0,0.77,
STU0167,10-17-2023,2.0,3.0,,excused
STU0167,24 Oct 2023,0.0,,,
STU0167,2023-10-31,0.0,3.0,66%,
STU0167,2023-11-07,3.0,2.0,67%,excused
STU0167,2023-11-14,2.0,3.0,0.92,
STU0167,11/21/2023,1.0,2.0,,unexcused
STU0167,12-05-2023,3.0,3.0,0.68,sick
STU0167,12/12/2023,2.0,3.0,,
STU0167,2023-12-19,0.0,2.0,,
STU0167,12-26-2023,0.0,,,family emergency
STU0167,01-02-2024,0.0,,96%,sick
STU0167,"January 16, 2024",2.0,3.0,,unexcused
STU0176,05 Sep 2023,1.0,2.0,0.87,
STU0176,"September 12, 2023",2.0,3.0,0.6,
STU0176,19 Sep 2023,2.0,2.0,68%,
STU0176,09/26/2023,1.0,3.0,59%,
STU0176,03 Oct 2023,1.0,2.0,72%,unexcused
STU0176,10-10-2023,3.0,,81%,
STU0176,"October 17, 2023",1.0,3.0,,
STU0176,10/24/2023,0.0,3.0,,
STU0176,07 Nov 2023,2.0,3.0,0.5,
STU0176,"November 14, 2023",1.0,3.0,,
STU0176,11/21/2023,3.0,2.0,100%,
STU0176,11-28-2023,3.0,2.0,0.64,
STU0176,2023-12-05,2.0,,,
STU0176,"December 12, 2023",3.0,,,unexcused
STU0176,12-19-2023,0.0,2.0,56%,
STU0176,26 Dec 2023,0.0,3.0,,
STU0176,2024-01-02,1.0,2.0,,family emergency
STU0176,2024-01-09,2.0,3.0,,family emergency
STU0176,16 Jan 2024,3.0,,56%,sick
STU0173,05 Sep 2023,1.0,3.0,81%,
STU0173,09/12/2023,3.0,,84%,
STU0173,19 Sep 2023,0.0,,0.7,
STU0173,2023-09-26,1.0,2.0,,family emergency
STU0173,10/03/2023,3.0,3.0,54%,family emergency
STU0173,2023-10-10,1.0,2.0,0.72,sick
STU0173,17 Oct 2023,2.0,2.0,63%,sick
STU0173,10-24-2023,0.0,3.0,,
STU0173,10/31/2023,3.0,2.0,77%,
STU0173,07 Nov 2023,2.0,2.0,,
STU0173,"November 14, 2023",1.0,2.0,74%,unexcused
STU0173,2023-11-21,2.0,2.0,89%,unexcused
STU0173,28 Nov 2023,1.0,3.0,,
STU0173,"December 05, 2023",0.0,3.0,,
STU0173,19 Dec 2023,1.0,3.0,50%,
STU0173,"December 26, 2023",3.0,2.0,93%,
STU0173,02 Jan 2024,0.0,3.0,,
STU0173,09 Jan 2024,3.0,2.0,,
STU0173,16 Jan 2024,3.0,3.0,0.84,
STU0214,09/05/2023,1.0,3.0,75%,
STU0214,12 Sep 2023,0.0,3.0,,
STU0214,09/19/2023,0.0,2.0,0.51,
STU0214,09/26/2023,2.0,2.0,,unexcused
STU0214,"October 03, 2023",,2.0,0.98,
STU0214,"October 10, 2023",1.0,2.0,65%,
STU0214,10-17-2023,1.0,2.0,0.98,
STU0214,2023-10-24,,3.0,68%,
STU0214,"October 31, 2023",2.0,3.0,,
STU0214,11-07-2023,1.0,2.0,53%,family emergency
STU0214,14 Nov 2023,3.0,2.0,,sick
STU0214,11-21-2023,,3.0,48%,
STU0214,28 Nov 2023,0.0,3.0,,
STU0214,12/05/2023,,3.0,,
STU0214,2023-12-12,1.0,2.0,,
STU0214,2023-12-19,2.0,3.0,,
STU0214,02 Jan 2024,0.0,2.0,0.98,
STU0214,09 Jan 2024,,,0.92,
STU0214,01-16-2024,1.0,,,
STU0125,09/05/2023,0.0,3.0,78%,
STU0125,09/19/2023,3.0,3.0,,sick
STU0125,09/26/2023,,2.0,,
STU0125,10/03/2023,,3.0,,
STU0125,10 Oct 2023,1.0,2.0,0.65,
STU0125,2023-10-17,2.0,3.0,99%,
STU0125,"October 24, 2023",0.0,3.0,56%,
STU0125,2023-10-31,3.0,2.0,93%,
STU0125,11-07-2023,,2.0,0.74,
STU0125,21 Nov 2023,3.0,2.0,,
STU0125,"November 28, 2023",3.0,2.0,,
STU0125,"December 05, 2023",1.0,3.0,,
STU0125,12/12/2023,3.0,2.0,,
STU0125,12/19/2023,0.0,3.0,52%,
STU0125,2023-12-26,,2.0,,
STU0125,2024-01-02,0.0,3.0,,
STU0125,2024-01-09,0.0,3.0,0.5,
STU0125,16 Jan 2024,0.0,2.0,,
STU0036,2023-09-12,1.0,2.0,46%,
STU0036,09-19-2023,1.0,2.0,0.85,family emergency
STU0036,26 Sep 2023,3.0,3.0,,
STU0036,10/03/2023,0.0,3.0,,
STU0036,10/10/2023,1.0,,58%,unexcused
STU0036,"October 24, 2023",0.0,2.0,,
STU0036,2023-10-31,2.0,2.0,49%,
STU0036,11/14/2023,3.0,2.0,,sick
STU0036,"November 21, 2023",0.0,,,
STU0036,11/28/2023,2.0,2.0,0.48,
STU0036,12/05/2023,0.0,2.0,81%,
STU0036,12/12/2023,2.0,3.0,0.9,
STU0036,19 Dec 2023,1.0,,48%,
STU0036,12/26/2023,0.0,3.0,0.51,
STU0036,2024-01-02,2.0,2.0,0.93,
STU0036,"January 09, 2024",3.0,3.0,73%,
STU0036,01-16-2024,,,67%,
STU0108,05 Sep 2023,1.0,3.0,0.97,
STU0108,2023-09-12,2.0,,96%,excused
STU0108,09-19-2023,1.0,2.0,91%,
STU0108,2023-09-26,3.0,3.0,96%,
STU0108,"October 03, 2023",2.0,,,
STU0108,2023-10-10,2.0,,0.64,unexcused
STU0108,"October 17, 2023",2.0,2.0,,sick
STU0108,2023-10-24,2.0,3.0,92%,
STU0108,07 Nov 2023,2.0,3.0,54%,
STU0108,2023-11-14,2.0,3.0,0.84,
STU0108,21 Nov 2023,3.0,3.0,77%,
STU0108,11/28/2023,3.0,2.0,,
STU0108,12-05-2023,2.0,2.0,,
STU0108,2023-12-12,3.0,2.0,43%,
STU0108,2023-12-19,0.0,2.0,49%,
STU0108,12/26/2023,2.0,2.0,,
STU0108,02 Jan 2024,3.0,3.0,81%,unexcused
STU0108,01/09/2024,3.0,2.0,0.41,
STU0108,16 Jan 2024,0.0,3.0,,
STU0237,"September 05, 2023",3.0,2.0,,unexcused
STU0237,09-12-2023,3.0,2.0,0.44,
STU0237,19 Sep 2023,0.0,3.0,,
STU0237,09-26-2023,,2.0,,
STU0237,2023-10-03,,3.0,,
STU0237,10 Oct 2023,1.0,,,
STU0237,10/17/2023,,2.0,,
STU0237,"October 24, 2023",3.0,3.0,86%,
STU0237,2023-10-31,0.0,3.0,,family emergency
STU0237,"November 07, 2023",,2.0,0.42,
STU0237,11/14/2023,2.0,2.0,0.68,
STU0237,11/21/2023,1.0,3.0,0.65,
STU0237,11-28-2023,2.0,2.0,,
STU0237,12-05-2023,,3.0,42%,
STU0237,"December 12, 2023",3.0,3.0,0.45,
STU0237,2023-12-19,1.0,3.0,0.93,family emergency
STU0237,12/26/2023,3.0,3.0,,
STU0237,2024-01-02,0.0,2.0,,
STU0237,2024-01-09,,3.0,,
STU0237,"January 16, 2024",0.0,3.0,,
STU0242,"September 05, 2023",3.0,3.0,71%,
STU0242,09-12-2023,1.0,2.0,,
STU0242,09/19/2023,3.0,3.0,,
STU0242,"September 26, 2023",0.0,2.0,,
STU0242,10-03-2023,0.0,3.0,0.41,
STU0242,10 Oct 2023,0.0,2.0,0.68,
STU0242,10/17/2023,3.0,3.0,50%,
STU0242,10/24/2023,3.0,2.0,83%,
STU0242,10-31-2023,0.0,3.0,,
STU0242,2023-11-07,,2.0,0.83,
STU0242,14 Nov 2023,2.0,2.0,,
STU0242,11/21/2023,0.0,3.0,0.59,
STU0242,"November 28, 2023",3.0,,,
STU0242,12/05/2023,2.0,3.0,77%,
STU0242,12-12-2023,3.0,2.0,87%,
STU0242,"December 19, 2023",0.0,2.0,,
STU0242,26 Dec 2023,2.0,2.0,,
STU0242,2024-01-02,3.0,3.0,,
STU0242,09 Jan 2024,3.0,,52%,
STU0242,01-16-2024,0.0,2.0,0.4,sick
STU0262,2023-09-05,3.0,,88%,
STU0262,09/12/2023,2.0,2.0,93%,
STU0262,"September 19, 2023",0.0,3.0,,
STU0262,09/26/2023,,2.0,41%,
STU0262,10/03/2023,2.0,2.0,0.83,
STU0262,2023-10-10,3.0,2.0,0.56,sick
STU0262,"October 17, 2023",1.0,2.0,0.65,
STU0262,10/24/2023,2.0,2.0,59%,
STU0262,2023-10-31,0.0,2.0,,
STU0262,11-07-2023,0.0,,,
STU0262,2023-11-14,2.0,2.0,,
STU0262,11-28-2023,,3.0,0.88,
STU0262,2023-12-05,3.0,3.0,0.76,
STU0262,"December 12, 2023",,2.0,,
STU0262,12-19-2023,3.0,2.0,0.93,
STU0262,12-26-2023,2.0,3.0,47%,
STU0262,01-02-2024,0.0,3.0,61%,family emergency
STU0262,"January 09, 2024",,2.0,,
STU0262,01/16/2024,2.0,2.0,0.71,
STU0174,05 Sep 2023,1.0,3.0,,
STU0174,12 Sep 2023,3.0,3.0,,
STU0174,09-19-2023,1.0,3.0,,family emergency
STU0174,26 Sep 2023,2.0,3.0,,sick
STU0174,"October 03, 2023",2.0,2.0,0.72,
STU0174,10-10-2023,2.0,3.0,,
STU0174,2023-10-17,2.0,2.0,0.59,family emergency
STU0174,10/24/2023,2.0,2.0,0.97,
STU0174,2023-10-31,1.0,3.0,,family emergency
STU0174,07 Nov 2023,3.0,2.0,81%,
STU0174,14 Nov 2023,1.0,2.0,46%,
STU0174,21 Nov 2023,0.0,2.0,,
STU0174,12-05-2023,,2.0,83%,
STU0174,12-12-2023,2.0,3.0,41%,
STU0174,12-19-2023,2.0,3.0,0.89,unexcused
STU0174,"December 26, 2023",2.0,3.0,0.74,
STU0174,2024-01-09,,3.0,89%,
STU0174,01/16/2024,2.0,2.0,0.57,
STU0056,09/05/2023,1.0,2.0,,
STU0056,09/12/2023,0.0,,41%,
STU0056,"September 19, 2023",3.0,2.0,0.8,
STU0056,"September 26, 2023",1.0,3.0,,
STU0056,10-03-2023,3.0,2.0,0.76,
STU0056,10/10/2023,3.0,2.0,84%,
STU0056,"October 24, 2023",0.0,2.0,,
STU0056,"October 31, 2023",3.0,3.0,,
STU0056,"November 07, 2023",1.0,3.0,,
STU0056,14 Nov 2023,1.0,3.0,,
STU0056,11-21-2023,2.0,3.0,,
STU0056,"November 28, 2023",,2.0,,
STU0056,12-12-2023,1.0,2.0,,
STU0056,12/19/2023,,2.0,0.93,
STU0056,2023-12-26,1.0,,,
STU0056,2024-01-02,1.0,2.0,,
STU0056,01-09-2024,3.0,2.0,,
STU0056,16 Jan 2024,2.0,2.0,,
STU0219,"September 05, 2023",2.0,2.0,0.7,family emergency
STU0219,"September 12, 2023",1.0,3.0,,sick
STU0219,"September 19, 2023",2.0,3.0,,family emergency
STU0219,2023-09-26,3.0,3.0,0.92,
STU0219,10-03-2023,3.0,2.0,56%,
STU0219,2023-10-17,2.0,3.0,80%,
STU0219,"October 24, 2023",,,,
STU0219,11/07/2023,2.0,2.0,0.89,
STU0219,14 Nov 2023,1.0,3.0,46%,
STU0219,2023-11-21,2.0,2.0,57%,
STU0219,"November 28, 2023",2.0,2.0,,
STU0219,2023-12-05,3.0,2.0,,
STU0219,12 Dec 2023,,2.0,0.43,sick
STU0219,2023-12-19,,3.0,,
STU0219,12-26-2023,0.0,3.0,0.63,family emergency
STU0219,2024-01-02,0.0,3.0,0.62,
STU0219,01-09-2024,,3.0,97%,
STU0219,16 Jan 2024,2.0,2.0,51%,
STU0093,2023-09-05,0.0,3.0,0.67,family emergency
STU0093,12 Sep 2023,0.0,,,sick
STU0093,"September 19, 2023",2.0,2.0,89%,
STU0093,26 Sep 2023,0.0,2.0,,
STU0093,10-03-2023,0.0,2.0,,
STU0093,2023-10-10,,3.0,89%,sick
STU0093,10-17-2023,2.0,3.0,0.8,
STU0093,10-24-2023,0.0,3.0,,
STU0093,2023-10-31,0.0,2.0,,
STU0093,11/07/2023,,,,
STU0093,11/14/2023,1.0,3.0,,
STU0093,2023-11-21,1.0,2.0,,
STU0093,"November 28, 2023",0.0,3.0,0.69,
STU0093,"December 05, 2023",,2.0,0.5,
STU0093,12/12/2023,0.0,3.0,0.53,excused
STU0093,19 Dec 2023,1.0,2.0,98%,
STU0093,12/26/2023,,3.0,,
STU0093,02 Jan 2024,,3.0,43%,
STU0093,01/09/2024,,3.0,80%,
STU0093,01/16/2024,0.0,2.0,,
STU0184,"September 05, 2023",,2.0,,
STU0184,09-12-2023,2.0,3.0,0.58,
STU0184,09-19-2023,1.0,3.0,76%,sick
STU0184,09-26-2023,2.0,3.0,,sick
STU0184,10/03/2023,3.0,3.0,0.93,
STU0184,"October 10, 2023",2.0,2.0,89%,
STU0184,"October 17, 2023",1.0,3.0,,family emergency
STU0184,10-24-2023,1.0,2.0,0.59,
STU0184,2023-10-31,1.0,2.0,94%,
STU0184,"November 07, 2023",3.0,,94%,
STU0184,"November 14, 2023",3.0,2.0,0.62,
STU0184,11-21-2023,2.0,2.0,0.97,sick
STU0184,11-28-2023,0.0,3.0,,
STU0184,2023-12-05,2.0,2.0,0.93,
STU0184,12/12/2023,2.0,3.0,83%,
STU0184,12-19-2023,0.0,2.0,0.49,excused
STU0184,2023-12-26,3.0,3.0,,
STU0184,01/02/2024,2.0,2.0,,
STU0184,01-09-2024,3.0,3.0,0.99,
STU0184,01/16/2024,3.0,3.0,0.77,
STU0136,09-05-2023,1.0,,76%,
STU0136,09-12-2023,0.0,,0.57,
STU0136,09/19/2023,,2.0,0.68,
STU0136,"September 26, 2023",2.0,3.0,,sick
STU0136,2023-10-03,2.0,3.0,0.92,
STU0136,"October 10, 2023",1.0,2.0,48%,
STU0136,2023-10-17,1.0,,,
STU0136,10-24-2023,1.0,2.0,50%,
STU0136,10-31-2023,3.0,2.0,63%,
STU0136,11-07-2023,2.0,2.0,56%,family emergency
STU0136,14 Nov 2023,3.0,3.0,40%,sick
STU0136,11-21-2023,1.0,3.0,49%,
STU0136,11/28/2023,,,,
STU0136,2023-12-05,2.0,3.0,78%,
STU0136,12-12-2023,2.0,,,
STU0136,2023-12-19,3.0,2.0,,sick
STU0136,12/26/2023,3.0,3.0,,
STU0136,01-02-2024,1.0,3.0,0.78,
STU0136,09 Jan 2024,2.0,3.0,,
STU0136,16 Jan 2024,3.0,3.0,46%,
STU0169,"September 05, 2023",2.0,2.0,0.94,unexcused
STU0169,2023-09-12,1.0,2.0,0.94,
STU0169,09-19-2023,3.0,2.0,71%,
STU0169,"September 26, 2023",1.0,2.0,58%,sick
STU0169,03 Oct 2023,1.0,,67%,
STU0169,10/10/2023,1.0,,0.98,excused
STU0169,17 Oct 2023,0.0,2.0,,
STU0169,24 Oct 2023,1.0,2.0,0.88,
STU0169,2023-10-31,,3.0,92%,
STU0169,2023-11-07,0.0,2.0,90%,
STU0169,2023-11-14,2.0,,,unexcused
STU0169,2023-11-21,1.0,2.0,,
STU0169,2023-11-28,0.0,2.0,0.84,
STU0169,05 Dec 2023,,2.0,45%,
STU0169,12-12-2023,0.0,3.0,,
STU0169,19 Dec 2023,,,92%,sick
STU0169,12-26-2023,,2.0,,
STU0169,01-02-2024,2.0,2.0,,
STU0169,01-09-2024,1.0,2.0,0.55,
STU0169,"January 16, 2024",3.0,2.0,0.98,
STU0035,09/05/2023,0.0,3.0,90%,
STU0035,12 Sep 2023,0.0,2.0,93%,
STU0035,19 Sep 2023,3.0,3.0,,unexcused
STU0035,26 Sep 2023,2.0,2.0,,
STU0035,10-03-2023,2.0,3.0,86%,
STU0035,2023-10-10,1.0,,50%,
STU0035,"October 17, 2023",3.0,2.0,91%,family emergency
STU0035,"October 24, 2023",2.0,3.0,58%,
STU0035,10/31/2023,0.0,2.0,54%,
STU0035,11/07/2023,1.0,2.0,90%,
STU0035,11/14/2023,1.0,3.0,82%,
STU0035,11/28/2023,,2.0,0.68,excused
STU0035,05 Dec 2023,,3.0,45%,
STU0035,12/12/2023,,2.0,0.5,family emergency
STU0035,12-19-2023,0.0,2.0,,sick
STU0035,"December 26, 2023",1.0,,,
STU0035,01-02-2024,2.0,2.0,0.69,
STU0035,09 Jan 2024,3.0,2.0,0.72,family emergency
STU0035,01/16/2024,,,0.44,
STU0067,05 Sep 2023,0.0,3.0,,
STU0067,09-19-2023,3.0,3.0,,
STU0067,09/26/2023,2.0,2.0,70%,
STU0067,10/03/2023,3.0,2.0,78%,
STU0067,10/10/2023,2.0,,,
STU0067,"October 17, 2023",,3.0,57%,
STU0067,"October 31, 2023",3.0,2.0,0.66,sick
STU0067,2023-11-07,0.0,2.0,0.84,
STU0067,14 Nov 2023,1.0,3.0,51%,
STU0067,2023-11-21,0.0,2.0,,
STU0067,11/28/2023,3.0,3.0,,
STU0067,"December 05, 2023",3.0,,54%,
STU0067,"December 12, 2023",0.0,3.0,0.57,unexcused
STU0067,"December 19, 2023",3.0,2.0,,
STU0067,12/26/2023,3.0,3.0,84%,
STU0067,02 Jan 2024,,3.0,0.85,
STU0067,01/09/2024,2.0,3.0,,sick
STU0067,2024-01-16,,3.0,60%,
STU0141,2023-09-05,0.0,2.0,0.85,
STU0141,09-12-2023,1.0,2.0,0.61,excused
STU0141,09/19/2023,,3.0,57%,
STU0141,09-26-2023,2.0,3.0,0.68,sick
STU0141,10-03-2023,0.0,2.0,51%,unexcused
STU0141,10-10-2023,3.0,3.0,0.89,
STU0141,10-17-2023,0.0,3.0,,
STU0141,10/24/2023,,2.0,63%,
STU0141,10-31-2023,3.0,2.0,,
STU0141,"November 07, 2023",3.0,2.0,,
STU0141,2023-11-14,,2.0,0.73,
STU0141,2023-11-21,0.0,2.0,,
STU0141,2023-11-28,0.0,2.0,,
STU0141,05 Dec 2023,2.0,2.0,0.58,
STU0141,"December 12, 2023",0.0,3.0,0.6,
STU0141,"December 19, 2023",3.0,,,family emergency
STU0141,12-26-2023,2.0,3.0,,
STU0141,01-02-2024,0.0,2.0,89%,
STU0141,2024-01-09,1.0,2.0,52%,
STU0141,16 Jan 2024,3.0,3.0,84%,
STU0079,05 Sep 2023,1.0,,61%,family emergency
STU0079,2023-09-12,,2.0,,
STU0079,09-19-2023,3.0,3.0,71%,
STU0079,09/26/2023,2.0,2.0,41%,family emergency
STU0079,"October 03, 2023",3.0,3.0,,family emergency
STU0079,10/10/2023,1.0,3.0,69%,
STU0079,"October 17, 2023",2.0,3.0,0.85,
STU0079,10-31-2023,0.0,2.0,51%,excused
STU0079,11/07/2023,0.0,2.0,97%,excused
STU0079,11-14-2023,3.0,3.0,,
STU0079,21 Nov 2023,2.0,,0.58,
STU0079,"November 28, 2023",0.0,2.0,,
STU0079,12/05/2023,1.0,3.0,,
STU0079,2023-12-12,1.0,3.0,0.6,sick
STU0079,2023-12-19,2.0,2.0,1.0,
STU0079,"December 26, 2023",2.0,3.0,,
STU0079,"January 09, 2024",1.0,,,
STU0048,"September 05, 2023",3.0,3.0,0.97,
STU0048,09-12-2023,1.0,2.0,,
STU0048,"September 19, 2023",2.0,2.0,0.99,
STU0048,10/10/2023,,,0.64,family emergency
STU0048,10/17/2023,2.0,2.0,,
STU0048,24 Oct 2023,1.0,3.0,,
STU0048,"October 31, 2023",,2.0,,excused
STU0048,07 Nov 2023,2.0,3.0,,
STU0048,11-14-2023,3.0,3.0,0.98,
STU0048,11-21-2023,,3.0,,
STU0048,11/28/2023,3.0,3.0,0.81,
STU0048,"December 05, 2023",0.0,,,
STU0048,12 Dec 2023,1.0,3.0,94%,
STU0048,26 Dec 2023,0.0,3.0,,
STU0048,"January 02, 2024",3.0,3.0,84%,
STU0048,01/16/2024,1.0,3.0,0.42,sick
STU0222,05 Sep 2023,2.0,3.0,97%,
STU0222,12 Sep 2023,2.0,2.0,62%,
STU0222,19 Sep 2023,2.0,3.0,57%,
STU0222,2023-09-26,2.0,2.0,0.65,
STU0222,10/03/2023,1.0,2.0,0.44,
STU0222,10 Oct 2023,,3.0,78%,
STU0222,10/17/2023,1.0,2.0,92%,
STU0222,"October 24, 2023",1.0,2.0,,
STU0222,10-31-2023,1.0,2.0,,
STU0222,"November 07, 2023",3.0,3.0,0.75,
STU0222,14 Nov 2023,0.0,2.0,,
STU0222,11/21/2023,3.0,3.0,43%,family emergency
STU0222,"November 28, 2023",3.0,2.0,0.69,
STU0222,12-05-2023,3.0,2.0,84%,
STU0222,12/12/2023,,2.0,,
STU0222,"December 19, 2023",2.0,2.0,,
STU0222,01-02-2024,3.0,3.0,75%,unexcused
STU0222,"January 09, 2024",,3.0,85%,
STU0222,"January 16, 2024",,3.0,,
STU0084,09-05-2023,0.0,2.0,,
STU0084,12 Sep 2023,2.0,3.0,64%,
STU0084,"September 26, 2023",3.0,2.0,59%,excused
STU0084,10/03/2023,1.0,2.0,69%,family emergency
STU0084,"October 10, 2023",3.0,3.0,,
STU0084,"October 17, 2023",3.0,,0.66,
STU0084,2023-10-24,0.0,2.0,96%,unexcused
STU0084,10/31/2023,1.0,3.0,0.97,
STU0084,"November 07, 2023",2.0,2.0,,excused
STU0084,"November 14, 2023",1.0,2.0,,
STU0084,21 Nov 2023,2.0,2.0,53%,
STU0084,"November 28, 2023",3.0,,,
STU0084,2023-12-05,2.0,3.0,,
STU0084,12/12/2023,0.0,2.0,0.43,
STU0084,"December 19, 2023",1.0,2.0,,sick
STU0084,26 Dec 2023,2.0,2.0,,
STU0084,01-02-2024,2.0,2.0,0.78,
STU0084,"January 09, 2024",,3.0,,
STU0182,09-05-2023,2.0,2.0,,unexcused
STU0182,09-19-2023,3.0,2.0,41%,
STU0182,26 Sep 2023,3.0,2.0,0.69,
STU0182,03 Oct 2023,1.0,2.0,0.6,
STU0182,2023-10-10,,3.0,0.87,
STU0182,10/17/2023,,2.0,48%,
STU0182,10/24/2023,0.0,,,
STU0182,31 Oct 2023,0.0,3.0,0.52,
STU0182,07 Nov 2023,2.0,3.0,,
STU0182,"November 21, 2023",2.0,2.0,93%,excused
STU0182,11-28-2023,1.0,3.0,0.46,
STU0182,12-05-2023,0.0,2.0,0.85,
STU0182,"December 12, 2023",2.0,,93%,family emergency
STU0182,19 Dec 2023,3.0,3.0,82%,
STU0182,26 Dec 2023,3.0,3.0,0.43,
STU0182,2024-01-02,3.0,3.0,94%,
STU0182,01-09-2024,3.0,2.0,0.83,
STU0182,2024-01-16,,2.0,46%,
STU0285,09/05/2023,2.0,2.0,,
STU0285,2023-09-12,3.0,2.0,,
STU0285,09-19-2023,3.0,3.0,95%,
STU0285,2023-09-26,3.0,3.0,0.75,
STU0285,10-03-2023,1.0,2.0,56%,
STU0285,10-10-2023,0.0,2.0,,excused
STU0285,2023-10-17,,3.0,59%,
STU0285,10/24/2023,,3.0,,
STU0285,10-31-2023,3.0,3.0,0.98,
STU0285,2023-11-14,0.0,,0.62,sick
STU0285,"November 21, 2023",,3.0,74%,
STU0285,28 Nov 2023,1.0,3.0,0.91,unexcused
STU0285,2023-12-05,3.0,3.0,0.91,
STU0285,"December 12, 2023",0.0,2.0,64%,
STU0285,19 Dec 2023,0.0,2.0,0.77,
STU0285,02 Jan 2024,1.0,2.0,0.67,unexcused
STU0285,01-09-2024,0.0,2.0,0.79,
STU0285,01/16/2024,2.0,2.0,98%,
STU0178,09-05-2023,1.0,3.0,,
STU0178,"September 12, 2023",3.0,,,
STU0178,19 Sep 2023,2.0,,0.79,
STU0178,"September 26, 2023",0.0,3.0,,
STU0178,10/03/2023,,3.0,,
STU0178,10 Oct 2023,1.0,3.0,,
STU0178,10-17-2023,3.0,3.0,65%,
STU0178,"October 24, 2023",2.0,2.0,66%,
STU0178,2023-10-31,0.0,2.0,,
STU0178,11-07-2023,,3.0,90%,sick
STU0178,"November 14, 2023",1.0,2.0,49%,
STU0178,11-21-2023,1.0,3.0,44%,sick
STU0178,2023-11-28,3.0,2.0,46%,
STU0178,"December 05, 2023",0.0,,0.53,excused
STU0178,12-12-2023,,2.0,,
STU0178,2023-12-19,2.0,2.0,48%,
STU0178,12-26-2023,1.0,2.0,0.42,
STU0178,02 Jan 2024,0.0,2.0,,
STU0178,01/09/2024,1.0,3.0,57%,
STU0178,"January 16, 2024",,3.0,0.74,
STU0207,09-05-2023,1.0,3.0,,unexcused
STU0207,09-12-2023,0.0,,,
STU0207,09-19-2023,0.0,3.0,,
STU0207,2023-09-26,0.0,3.0,83%,
STU0207,2023-10-03,,,71%,family emergency
STU0207,10 Oct 2023,1.0,2.0,,
STU0207,17 Oct 2023,3.0,3.0,,
STU0207,31 Oct 2023,2.0,2.0,93%,
STU0207,11-07-2023,,3.0,0.7,
STU0207,11/14/2023,3.0,,,
STU0207,11/21/2023,2.0,3.0,0.94,sick
STU0207,2023-11-28,1.0,,0.48,
STU0207,"December 12, 2023",0.0,3.0,0.58,
STU0207,12-19-2023,3.0,2.0,0.81,
STU0207,26 Dec 2023,2.0,3.0,,
STU0207,02 Jan 2024,0.0,2.0,45%,
STU0207,01/09/2024,3.0,3.0,90%,
STU0207,"January 16, 2024",0.0,3.0,0.86,unexcused
STU0088,"September 05, 2023",,2.0,,
STU0088,2023-09-12,2.0,2.0,0.79,
STU0088,09/19/2023,1.0,,,family emergency
STU0088,09/26/2023,2.0,2.0,47%,
STU0088,10/03/2023,2.0,3.0,0.86,
STU0088,2023-10-10,3.0,3.0,84%,
STU0088,10-17-2023,2.0,2.0,0.9,
STU0088,2023-10-24,,3.0,,
STU0088,31 Oct 2023,1.0,3.0,,unexcused
STU0088,11-07-2023,2.0,3.0,85%,
STU0088,11-14-2023,1.0,2.0,,
STU0088,2023-11-28,1.0,2.0,59%,
STU0088,05 Dec 2023,,3.0,0.7,
STU0088,2023-12-12,2.0,3.0,99%,unexcused
STU0088,19 Dec 2023,2.0,3.0,,
STU0088,12-26-2023,3.0,2.0,,
STU0088,01/02/2024,3.0,2.0,0.9,
STU0088,"January 09, 2024",,3.0,0.91,
STU0088,16 Jan 2024,0.0,3.0,0.6,
STU0147,09/05/2023,3.0,,0.87,
STU0147,09-12-2023,1.0,2.0,100%,excused
STU0147,2023-09-19,3.0,,0.82,
STU0147,2023-09-26,0.0,2.0,,unexcused
STU0147,10-03-2023,2.0,2.0,0.48,
STU0147,2023-10-10,1.0,2.0,,
STU0147,"October 17, 2023",3.0,3.0,,
STU0147,24 Oct 2023,3.0,2.0,,
STU0147,31 Oct 2023,,3.0,64%,
STU0147,2023-11-07,3.0,3.0,,
STU0147,"November 14, 2023",3.0,2.0,,
STU0147,11/21/2023,0.0,2.0,0.73,
STU0147,11/28/2023,0.0,2.0,,excused
STU0147,12/05/2023,,2.0,0.93,sick
STU0147,2023-12-12,,3.0,0.99,
STU0147,12-19-2023,0.0,3.0,0.54,
STU0147,12-26-2023,,3.0,,
STU0147,01-02-2024,1.0,2.0,,
STU0147,01-09-2024,3.0,3.0,0.46,
STU0147,2024-01-16,1.0,2.0,,
STU0103,09-05-2023,0.0,,0.63,
STU0103,"September 12, 2023",3.0,,,
STU0103,09/19/2023,0.0,3.0,46%,
STU0103,"September 26, 2023",2.0,3.0,,
STU0103,03 Oct 2023,0.0,,,unexcused
STU0103,"October 10, 2023",0.0,2.0,0.53,
STU0103,2023-10-17,2.0,2.0,,
STU0103,10-24-2023,3.0,2.0,77%,
STU0103,10-31-2023,,,0.62,
STU0103,07 Nov 2023,,2.0,,
STU0103,11-14-2023,1.0,2.0,,
STU0103,"November 21, 2023",0.0,3.0,57%,
STU0103,11-28-2023,3.0,,76%,
STU0103,"December 05, 2023",0.0,3.0,0.95,
STU0103,"December 12, 2023",,2.0,,unexcused
STU0103,"December 19, 2023",2.0,2.0,,
STU0103,26 Dec 2023,0.0,3.0,0.45,
STU0103,01-02-2024,0.0,3.0,46%,excused
STU0103,01/09/2024,0.0,,,
STU0103,01-16-2024,3.0,2.0,51%,
STU0114,2023-09-05,,2.0,,
STU0114,12 Sep 2023,0.0,2.0,53%,
STU0114,19 Sep 2023,2.0,2.0,0.4,
STU0114,2023-09-26,0.0,2.0,95%,sick
STU0114,"October 03, 2023",,,,
STU0114,"October 10, 2023",0.0,2.0,,
STU0114,2023-10-17,0.0,2.0,,
STU0114,24 Oct 2023,0.0,2.0,0.67,
STU0114,31 Oct 2023,2.0,2.0,62%,
STU0114,"November 07, 2023",0.0,,0.48,
STU0114,21 Nov 2023,2.0,2.0,,
STU0114,"November 28, 2023",3.0,3.0,,
STU0114,05 Dec 2023,2.0,2.0,0.5,
STU0114,12-12-2023,1.0,2.0,,
STU0114,19 Dec 2023,1.0,3.0,,
STU0114,"December 26, 2023",0.0,3.0,,unexcused
STU0114,2024-01-02,0.0,3.0,,family emergency
STU0114,2024-01-09,3.0,2.0,,
STU0114,"January 16, 2024",2.0,,,
STU0092,05 Sep 2023,1.0,3.0,,
STU0092,"September 12, 2023",2.0,2.0,,family emergency
STU0092,19 Sep 2023,,3.0,71%,
STU0092,09-26-2023,1.0,2.0,,
STU0092,03 Oct 2023,0.0,3.0,0.8,
STU0092,10/10/2023,1.0,3.0,,
STU0092,10/17/2023,1.0,3.0,,
STU0092,24 Oct 2023,2.0,3.0,,
STU0092,10-31-2023,0.0,2.0,55%,
STU0092,"November 07, 2023",,3.0,0.8,
STU0092,14 Nov 2023,1.0,2.0,,
STU0092,11/21/2023,3.0,2.0,1.0,family emergency
STU0092,11/28/2023,3.0,3.0,,
STU0092,12-05-2023,1.0,3.0,92%,
STU0092,2023-12-12,3.0,3.0,65%,
STU0092,12-19-2023,0.0,2.0,,
STU0092,26 Dec 2023,3.0,2.0,93%,
STU0092,01-02-2024,1.0,,,
STU0092,01-09-2024,0.0,3.0,63%,
STU0092,16 Jan 2024,3.0,2.0,,
STU0120,2023-09-05,0.0,2.0,,
STU0120,"September 12, 2023",2.0,3.0,,
STU0120,"September 19, 2023",1.0,2.0,1.0,
STU0120,09-26-2023,1.0,2.0,73%,
STU0120,10-03-2023,2.0,3.0,0.46,
STU0120,10 Oct 2023,2.0,2.0,0.63,
STU0120,17 Oct 2023,1.0,3.0,,
STU0120,10-24-2023,2.0,3.0,0.98,
STU0120,2023-10-31,1.0,2.0,,
STU0120,2023-11-14,2.0,2.0,0.7,
STU0120,2023-11-21,3.0,2.0,,
STU0120,"November 28, 2023",0.0,2.0,0.98,sick
STU0120,12-05-2023,1.0,3.0,59%,
STU0120,12/12/2023,1.0,2.0,62%,
STU0120,12/19/2023,0.0,3.0,,
STU0120,"December 26, 2023",1.0,,,sick
STU0120,"January 02, 2024",1.0,2.0,0.41,unexcused
STU0120,09 Jan 2024,0.0,3.0,,
STU0120,01/16/2024,2.0,3.0,70%,
